,interval_from,interval_to,default_NO2_min,default_NO2_max,default_NO2_mean,default_NO2_stDev,default_NO2_sampleCount,default_NO2_noDataCount,year,month
0,2020-01-07,2020-01-08,2.6257033823640086e-05,2.6257033823640086e-05,2.6257033823640086e-05,0.0,1.0,0.0,2020,1
1,2020-01-12,2020-01-13,4.412851922097616e-05,4.412851922097616e-05,4.412851922097616e-05,0.0,1.0,0.0,2020,1
2,2020-01-13,2020-01-14,9.891510671877768e-06,9.891510671877768e-06,9.891510671877768e-06,0.0,1.0,0.0,2020,1
3,2020-01-18,2020-01-19,1.9524944946169853e-05,1.9524944946169853e-05,1.9524944946169853e-05,0.0,1.0,0.0,2020,1
4,2020-01-28,2020-01-29,1.912895095301792e-05,1.912895095301792e-05,1.912895095301792e-05,0.0,1.0,0.0,2020,1
5,2020-02-13,2020-02-14,1.6074132872745395e-05,1.6074132872745395e-05,1.6074132872745395e-05,0.0,1.0,0.0,2020,2
6,2020-02-14,2020-02-15,1.725061156321317e-05,1.725061156321317e-05,1.725061156321317e-05,0.0,1.0,0.0,2020,2
7,2020-02-19,2020-02-20,1.5813096979400143e-05,1.5813096979400143e-05,1.5813096979400143e-05,0.0,1.0,0.0,2020,2
8,2020-02-29,2020-03-01,3.206626570317894e-05,3.206626570317894e-05,3.206626570317894e-05,0.0,1.0,0.0,2020,2
9,2020-03-01,2020-03-02,5.5162083299364895e-05,5.5162083299364895e-05,5.5162083299364895e-05,0.0,1.0,0.0,2020,3
10,2020-03-11,2020-03-12,4.894649828202091e-05,4.894649828202091e-05,4.894649828202091e-05,0.0,1.0,0.0,2020,3
11,2020-03-16,2020-03-17,4.0725499275140464e-05,4.0725499275140464e-05,4.0725499275140464e-05,0.0,1.0,0.0,2020,3
12,2020-03-17,2020-03-18,2.7769030566560104e-05,2.7769030566560104e-05,2.7769030566560104e-05,0.0,1.0,0.0,2020,3
13,2020-03-22,2020-03-23,3.484645640128292e-05,3.484645640128292e-05,3.484645640128292e-05,0.0,1.0,0.0,2020,3
14,2020-03-27,2020-03-28,3.260580342612229e-05,3.260580342612229e-05,3.260580342612229e-05,0.0,1.0,0.0,2020,3
15,2020-04-01,2020-04-02,4.7854118747636676e-05,4.7854118747636676e-05,4.7854118747636676e-05,0.0,1.0,0.0,2020,4
16,2020-04-02,2020-04-03,2.54802707786439e-05,2.54802707786439e-05,2.54802707786439e-05,0.0,1.0,0.0,2020,4
17,2020-04-07,2020-04-08,1.1259431630605832e-05,1.1259431630605832e-05,1.1259431630605832e-05,0.0,1.0,0.0,2020,4
18,2020-04-12,2020-04-13,2.089668851112947e-05,2.089668851112947e-05,2.089668851112947e-05,0.0,1.0,0.0,2020,4
19,2020-04-17,2020-04-18,6.642359949182719e-06,6.642359949182719e-06,6.642359949182719e-06,0.0,1.0,0.0,2020,4
20,2020-04-18,2020-04-19,4.348753282101825e-05,4.348753282101825e-05,4.348753282101825e-05,0.0,1.0,0.0,2020,4
21,2020-04-23,2020-04-24,3.024876605195459e-05,3.024876605195459e-05,3.024876605195459e-05,0.0,1.0,0.0,2020,4
22,2020-04-28,2020-04-29,2.0575866074068472e-05,2.0575866074068472e-05,2.0575866074068472e-05,0.0,1.0,0.0,2020,4
23,2020-05-03,2020-05-04,3.1020910682855174e-05,3.1020910682855174e-05,3.1020910682855174e-05,0.0,1.0,0.0,2020,5
24,2020-05-04,2020-05-05,2.8134747481090017e-05,2.8134747481090017e-05,2.8134747481090017e-05,0.0,1.0,0.0,2020,5
25,2020-05-09,2020-05-10,2.629220580274705e-05,2.629220580274705e-05,2.629220580274705e-05,0.0,1.0,0.0,2020,5
26,2020-05-14,2020-05-15,3.809720146819018e-05,3.809720146819018e-05,3.809720146819018e-05,0.0,1.0,0.0,2020,5
27,2020-05-25,2020-05-26,3.651561928563751e-05,3.651561928563751e-05,3.651561928563751e-05,0.0,1.0,0.0,2020,5
28,2020-05-30,2020-05-31,1.4895844287821092e-05,1.4895844287821092e-05,1.4895844287821092e-05,0.0,1.0,0.0,2020,5
29,2020-06-05,2020-06-06,5.5081462051020935e-05,5.5081462051020935e-05,5.5081462051020935e-05,0.0,1.0,0.0,2020,6
30,2020-06-26,2020-06-27,1.6170411981875077e-05,1.6170411981875077e-05,1.6170411981875077e-05,0.0,1.0,0.0,2020,6
31,2020-07-01,2020-07-02,1.7354674128000624e-05,1.7354674128000624e-05,1.7354674128000624e-05,0.0,1.0,0.0,2020,7
32,2020-07-07,2020-07-08,2.317839789611753e-05,2.317839789611753e-05,2.317839789611753e-05,0.0,1.0,0.0,2020,7
33,2020-07-17,2020-07-18,5.368997790355934e-06,5.368997790355934e-06,5.368997790355934e-06,0.0,1.0,0.0,2020,7
34,2020-08-24,2020-08-25,2.9365142836468294e-05,2.9365142836468294e-05,2.9365142836468294e-05,0.0,1.0,0.0,2020,8
35,2020-09-08,2020-09-09,3.258137439843267e-05,3.258137439843267e-05,3.258137439843267e-05,0.0,1.0,0.0,2020,9
36,2020-10-10,2020-10-11,2.475546170899179e-05,2.475546170899179e-05,2.475546170899179e-05,0.0,1.0,0.0,2020,10
37,2020-10-11,2020-10-12,1.8970853489008732e-05,1.8970853489008732e-05,1.8970853489008732e-05,0.0,1.0,0.0,2020,10
38,2020-10-21,2020-10-22,3.2313349947799e-05,3.2313349947799e-05,3.2313349947799e-05,0.0,1.0,0.0,2020,10
39,2020-10-26,2020-10-27,4.0057228034129366e-05,4.0057228034129366e-05,4.0057228034129366e-05,0.0,1.0,0.0,2020,10
40,2020-10-27,2020-10-28,2.4473903977195732e-05,2.4473903977195732e-05,2.4473903977195732e-05,0.0,1.0,0.0,2020,10
41,2020-11-01,2020-11-02,2.9729648304055445e-05,2.9729648304055445e-05,2.9729648304055445e-05,0.0,1.0,0.0,2020,11
42,2020-11-06,2020-11-07,5.5127256928244606e-05,5.5127256928244606e-05,5.5127256928244606e-05,0.0,1.0,0.0,2020,11
43,2020-11-17,2020-11-18,2.5594292310415767e-05,2.5594292310415767e-05,2.5594292310415767e-05,0.0,1.0,0.0,2020,11
44,2020-11-22,2020-11-23,9.582273196429014e-05,9.582273196429014e-05,9.582273196429014e-05,0.0,1.0,0.0,2020,11
45,2020-11-28,2020-11-29,2.8395295885275118e-05,2.8395295885275118e-05,2.8395295885275118e-05,0.0,1.0,0.0,2020,11
46,2020-12-03,2020-12-04,0.0001666066236793995,0.0001666066236793995,0.0001666066236793995,0.0,1.0,0.0,2020,12
47,2020-12-08,2020-12-09,6.808843318140134e-05,6.808843318140134e-05,6.808843318140134e-05,0.0,1.0,0.0,2020,12
48,2020-12-19,2020-12-20,4.413592250784859e-05,4.413592250784859e-05,4.413592250784859e-05,0.0,1.0,0.0,2020,12
49,2020-12-24,2020-12-25,0.00014433353499043733,0.00014433353499043733,0.00014433353499043733,0.0,1.0,0.0,2020,12
50,2020-12-29,2020-12-30,4.7836070734774694e-05,4.7836070734774694e-05,4.7836070734774694e-05,0.0,1.0,0.0,2020,12
51,2020-12-30,2020-12-31,3.043938340852037e-05,3.043938340852037e-05,3.043938340852037e-05,0.0,1.0,0.0,2020,12
52,2021-01-04,2021-01-05,3.606349491747096e-05,3.606349491747096e-05,3.606349491747096e-05,0.0,1.0,0.0,2021,1
53,2021-01-09,2021-01-10,3.3402786357328296e-05,3.3402786357328296e-05,3.3402786357328296e-05,0.0,1.0,0.0,2021,1
54,2021-01-14,2021-01-15,5.807871639262885e-05,5.807871639262885e-05,5.807871639262885e-05,0.0,1.0,0.0,2021,1
55,2021-01-15,2021-01-16,1.581291144248098e-05,1.581291144248098e-05,1.581291144248098e-05,0.0,1.0,0.0,2021,1
56,2021-01-20,2021-01-21,4.417656600708142e-05,4.417656600708142e-05,4.417656600708142e-05,0.0,1.0,0.0,2021,1
57,2021-01-25,2021-01-26,3.5052911698585376e-05,3.5052911698585376e-05,3.5052911698585376e-05,0.0,1.0,0.0,2021,1
58,2021-01-30,2021-01-31,8.920514665078372e-05,8.920514665078372e-05,8.920514665078372e-05,0.0,1.0,0.0,2021,1
59,2021-01-31,2021-02-01,5.991271245875396e-05,5.991271245875396e-05,5.991271245875396e-05,0.0,1.0,0.0,2021,1
60,2021-02-05,2021-02-06,2.002863220695872e-05,2.002863220695872e-05,2.002863220695872e-05,0.0,1.0,0.0,2021,2
61,2021-02-10,2021-02-11,4.931145303999074e-05,4.931145303999074e-05,4.931145303999074e-05,0.0,1.0,0.0,2021,2
62,2021-02-15,2021-02-16,5.2238228818168864e-05,5.2238228818168864e-05,5.2238228818168864e-05,0.0,1.0,0.0,2021,2
63,2021-02-21,2021-02-22,4.13950729125645e-05,4.13950729125645e-05,4.13950729125645e-05,0.0,1.0,0.0,2021,2
64,2021-02-26,2021-02-27,5.430269811768085e-05,5.430269811768085e-05,5.430269811768085e-05,0.0,1.0,0.0,2021,2
65,2021-03-03,2021-03-04,5.010639870306477e-05,5.010639870306477e-05,5.010639870306477e-05,0.0,1.0,0.0,2021,3
66,2021-03-04,2021-03-05,8.45348258735612e-05,8.45348258735612e-05,8.45348258735612e-05,0.0,1.0,0.0,2021,3
67,2021-03-09,2021-03-10,3.474631375866011e-05,3.474631375866011e-05,3.474631375866011e-05,0.0,1.0,0.0,2021,3
68,2021-03-14,2021-03-15,4.1424140363233164e-05,4.1424140363233164e-05,4.1424140363233164e-05,0.0,1.0,0.0,2021,3
69,2021-03-25,2021-03-26,6.922006286913529e-05,6.922006286913529e-05,6.922006286913529e-05,0.0,1.0,0.0,2021,3
70,2021-03-30,2021-03-31,4.6195924369385466e-05,4.6195924369385466e-05,4.6195924369385466e-05,0.0,1.0,0.0,2021,3
71,2021-04-04,2021-04-05,2.1695212126360275e-05,2.1695212126360275e-05,2.1695212126360275e-05,0.0,1.0,0.0,2021,4
72,2021-04-05,2021-04-06,3.640436989371665e-05,3.640436989371665e-05,3.640436989371665e-05,0.0,1.0,0.0,2021,4
73,2021-04-10,2021-04-11,1.722770139167551e-05,1.722770139167551e-05,1.722770139167551e-05,0.0,1.0,0.0,2021,4
74,2021-04-20,2021-04-21,2.1667217879439704e-05,2.1667217879439704e-05,2.1667217879439704e-05,0.0,1.0,0.0,2021,4
75,2021-04-21,2021-04-22,2.8657928851316683e-05,2.8657928851316683e-05,2.8657928851316683e-05,0.0,1.0,0.0,2021,4
76,2021-04-26,2021-04-27,3.292294786660932e-05,3.292294786660932e-05,3.292294786660932e-05,0.0,1.0,0.0,2021,4
77,2021-05-01,2021-05-02,2.2828400688013062e-05,2.2828400688013062e-05,2.2828400688013062e-05,0.0,1.0,0.0,2021,5
78,2021-05-06,2021-05-07,3.082950570387766e-05,3.082950570387766e-05,3.082950570387766e-05,0.0,1.0,0.0,2021,5
79,2021-05-07,2021-05-08,2.6616029572323896e-05,2.6616029572323896e-05,2.6616029572323896e-05,0.0,1.0,0.0,2021,5
80,2021-05-12,2021-05-13,1.876426176750101e-05,1.876426176750101e-05,1.876426176750101e-05,0.0,1.0,0.0,2021,5
81,2021-05-17,2021-05-18,1.3262982974993065e-05,1.3262982974993065e-05,1.3262982974993065e-05,0.0,1.0,0.0,2021,5
82,2021-05-22,2021-05-23,3.608142287703231e-05,3.608142287703231e-05,3.608142287703231e-05,0.0,1.0,0.0,2021,5
83,2021-05-28,2021-05-29,2.064153886749409e-05,2.064153886749409e-05,2.064153886749409e-05,0.0,1.0,0.0,2021,5
84,2021-06-07,2021-06-08,3.660414586192928e-05,3.660414586192928e-05,3.660414586192928e-05,0.0,1.0,0.0,2021,6
85,2021-06-29,2021-06-30,1.965965384442825e-05,1.965965384442825e-05,1.965965384442825e-05,0.0,1.0,0.0,2021,6
86,2021-07-25,2021-07-26,1.8170903786085546e-05,1.8170903786085546e-05,1.8170903786085546e-05,0.0,1.0,0.0,2021,7
87,2021-08-26,2021-08-27,2.7701171347871423e-05,2.7701171347871423e-05,2.7701171347871423e-05,0.0,1.0,0.0,2021,8
88,2021-09-28,2021-09-29,1.8633916624821723e-05,1.8633916624821723e-05,1.8633916624821723e-05,0.0,1.0,0.0,2021,9
89,2021-10-03,2021-10-04,2.850418968591839e-05,2.850418968591839e-05,2.850418968591839e-05,0.0,1.0,0.0,2021,10
90,2021-10-13,2021-10-14,2.6046029233839363e-05,2.6046029233839363e-05,2.6046029233839363e-05,0.0,1.0,0.0,2021,10
91,2021-10-14,2021-10-15,5.280922050587833e-05,5.280922050587833e-05,5.280922050587833e-05,0.0,1.0,0.0,2021,10
92,2021-10-19,2021-10-20,1.9817181964754127e-05,1.9817181964754127e-05,1.9817181964754127e-05,0.0,1.0,0.0,2021,10
93,2021-10-24,2021-10-25,6.459803898906102e-06,6.459803898906102e-06,6.459803898906102e-06,0.0,1.0,0.0,2021,10
94,2021-10-30,2021-10-31,2.0982402929803357e-05,2.0982402929803357e-05,2.0982402929803357e-05,0.0,1.0,0.0,2021,10
95,2021-11-09,2021-11-10,5.663238698616624e-05,5.663238698616624e-05,5.663238698616624e-05,0.0,1.0,0.0,2021,11
96,2021-11-25,2021-11-26,4.125278428546153e-05,4.125278428546153e-05,4.125278428546153e-05,0.0,1.0,0.0,2021,11
97,2021-11-30,2021-12-01,0.00011710086255334318,0.00011710086255334318,0.00011710086255334318,0.0,1.0,0.0,2021,11
98,2021-12-01,2021-12-02,3.34495744027663e-05,3.34495744027663e-05,3.34495744027663e-05,0.0,1.0,0.0,2021,12
99,2021-12-16,2021-12-17,0.00010659816325642169,0.00010659816325642169,0.00010659816325642169,0.0,1.0,0.0,2021,12
100,2021-12-17,2021-12-18,5.0472444854676723e-05,5.0472444854676723e-05,5.0472444854676723e-05,0.0,1.0,0.0,2021,12
101,2021-12-22,2021-12-23,5.8395711675984785e-05,5.8395711675984785e-05,5.8395711675984785e-05,0.0,1.0,0.0,2021,12
102,2022-01-01,2022-01-02,5.377838897402398e-05,5.377838897402398e-05,5.377838897402398e-05,0.0,1.0,0.0,2022,1
103,2022-01-02,2022-01-03,5.5031512601999566e-05,5.5031512601999566e-05,5.5031512601999566e-05,0.0,1.0,0.0,2022,1
104,2022-01-07,2022-01-08,1.6109150237753056e-05,1.6109150237753056e-05,1.6109150237753056e-05,0.0,1.0,0.0,2022,1
105,2022-01-17,2022-01-18,8.341748616658151e-05,8.341748616658151e-05,8.341748616658151e-05,0.0,1.0,0.0,2022,1
106,2022-01-18,2022-01-19,4.136705319979228e-05,4.136705319979228e-05,4.136705319979228e-05,0.0,1.0,0.0,2022,1
107,2022-01-23,2022-01-24,5.622570097330026e-05,5.622570097330026e-05,5.622570097330026e-05,0.0,1.0,0.0,2022,1
108,2022-01-28,2022-01-29,6.189920532051474e-05,6.189920532051474e-05,6.189920532051474e-05,0.0,1.0,0.0,2022,1
109,2022-02-02,2022-02-03,3.9809376175981015e-05,3.9809376175981015e-05,3.9809376175981015e-05,0.0,1.0,0.0,2022,2
110,2022-02-03,2022-02-04,2.198745460191276e-05,2.198745460191276e-05,2.198745460191276e-05,0.0,1.0,0.0,2022,2
111,2022-02-08,2022-02-09,5.040613541495986e-05,5.040613541495986e-05,5.040613541495986e-05,0.0,1.0,0.0,2022,2
112,2022-02-13,2022-02-14,4.1566265281289816e-05,4.1566265281289816e-05,4.1566265281289816e-05,0.0,1.0,0.0,2022,2
113,2022-02-18,2022-02-19,2.2008334781276062e-05,2.2008334781276062e-05,2.2008334781276062e-05,0.0,1.0,0.0,2022,2
114,2022-02-24,2022-02-25,1.624681317480281e-05,1.624681317480281e-05,1.624681317480281e-05,0.0,1.0,0.0,2022,2
115,2022-03-01,2022-03-02,1.365940352116013e-05,1.365940352116013e-05,1.365940352116013e-05,0.0,1.0,0.0,2022,3
116,2022-03-06,2022-03-07,3.9812653994886205e-05,3.9812653994886205e-05,3.9812653994886205e-05,0.0,1.0,0.0,2022,3
117,2022-03-07,2022-03-08,6.208552804309875e-05,6.208552804309875e-05,6.208552804309875e-05,0.0,1.0,0.0,2022,3
118,2022-03-12,2022-03-13,5.057900125393644e-05,5.057900125393644e-05,5.057900125393644e-05,0.0,1.0,0.0,2022,3
119,2022-03-17,2022-03-18,6.33582822047174e-05,6.33582822047174e-05,6.33582822047174e-05,0.0,1.0,0.0,2022,3
120,2022-03-22,2022-03-23,6.83856414980255e-05,6.83856414980255e-05,6.83856414980255e-05,0.0,1.0,0.0,2022,3
121,2022-03-23,2022-03-24,7.152140460675582e-05,7.152140460675582e-05,7.152140460675582e-05,0.0,1.0,0.0,2022,3
122,2022-03-28,2022-03-29,6.111792026786134e-05,6.111792026786134e-05,6.111792026786134e-05,0.0,1.0,0.0,2022,3
123,2022-04-02,2022-04-03,3.806964014074765e-05,3.806964014074765e-05,3.806964014074765e-05,0.0,1.0,0.0,2022,4
124,2022-04-07,2022-04-08,4.210739643895067e-05,4.210739643895067e-05,4.210739643895067e-05,0.0,1.0,0.0,2022,4
125,2022-04-08,2022-04-09,3.683280010591261e-05,3.683280010591261e-05,3.683280010591261e-05,0.0,1.0,0.0,2022,4
126,2022-04-13,2022-04-14,1.241781865246594e-05,1.241781865246594e-05,1.241781865246594e-05,0.0,1.0,0.0,2022,4
127,2022-04-18,2022-04-19,2.5943094442482106e-05,2.5943094442482106e-05,2.5943094442482106e-05,0.0,1.0,0.0,2022,4
128,2022-04-23,2022-04-24,3.491948154987767e-05,3.491948154987767e-05,3.491948154987767e-05,0.0,1.0,0.0,2022,4
129,2022-04-24,2022-04-25,2.0454997866181657e-05,2.0454997866181657e-05,2.0454997866181657e-05,0.0,1.0,0.0,2022,4
130,2022-04-29,2022-04-30,2.6337727831560187e-05,2.6337727831560187e-05,2.6337727831560187e-05,0.0,1.0,0.0,2022,4
131,2022-05-04,2022-05-05,2.295252306794282e-05,2.295252306794282e-05,2.295252306794282e-05,0.0,1.0,0.0,2022,5
132,2022-05-09,2022-05-10,2.521018723200541e-05,2.521018723200541e-05,2.521018723200541e-05,0.0,1.0,0.0,2022,5
133,2022-05-10,2022-05-11,1.8105303752236068e-05,1.8105303752236068e-05,1.8105303752236068e-05,0.0,1.0,0.0,2022,5
134,2022-05-15,2022-05-16,3.2006755645852536e-05,3.2006755645852536e-05,3.2006755645852536e-05,0.0,1.0,0.0,2022,5
135,2022-05-20,2022-05-21,1.798355697246734e-05,1.798355697246734e-05,1.798355697246734e-05,0.0,1.0,0.0,2022,5
136,2022-05-25,2022-05-26,3.9100388676160946e-05,3.9100388676160946e-05,3.9100388676160946e-05,0.0,1.0,0.0,2022,5
137,2022-05-31,2022-06-01,6.029518408467993e-05,6.029518408467993e-05,6.029518408467993e-05,0.0,1.0,0.0,2022,5
138,2022-06-05,2022-06-06,8.20743662188761e-05,8.20743662188761e-05,8.20743662188761e-05,0.0,1.0,0.0,2022,6
139,2022-06-11,2022-06-12,5.1349274144740775e-05,5.1349274144740775e-05,5.1349274144740775e-05,0.0,1.0,0.0,2022,6
140,2022-06-26,2022-06-27,1.4678414117952343e-05,1.4678414117952343e-05,1.4678414117952343e-05,0.0,1.0,0.0,2022,6
141,2022-06-27,2022-06-28,3.0910567147657275e-05,3.0910567147657275e-05,3.0910567147657275e-05,0.0,1.0,0.0,2022,6
142,2022-07-27,2022-07-28,1.5015838471299503e-05,1.5015838471299503e-05,1.5015838471299503e-05,0.0,1.0,0.0,2022,7
143,2022-07-29,2022-07-30,1.3020250662520994e-05,1.3020250662520994e-05,1.3020250662520994e-05,0.0,1.0,0.0,2022,7
144,2022-07-30,2022-07-31,1.9237655578763224e-05,1.9237655578763224e-05,1.9237655578763224e-05,0.0,1.0,0.0,2022,7
145,2022-07-31,2022-08-01,2.9785654987790622e-05,2.9785654987790622e-05,2.9785654987790622e-05,0.0,1.0,0.0,2022,7
146,2022-08-16,2022-08-17,4.571608769765589e-06,4.571608769765589e-06,4.571608769765589e-06,0.0,1.0,0.0,2022,8
147,2022-08-17,2022-08-18,9.172547834168654e-06,9.172547834168654e-06,9.172547834168654e-06,0.0,1.0,0.0,2022,8
148,2022-08-23,2022-08-24,1.777478064468596e-05,1.777478064468596e-05,1.777478064468596e-05,0.0,1.0,0.0,2022,8
149,2022-08-25,2022-08-26,4.2723950173240155e-05,4.2723950173240155e-05,4.2723950173240155e-05,0.0,1.0,0.0,2022,8
150,2022-08-26,2022-08-27,3.78092190658208e-05,3.78092190658208e-05,3.78092190658208e-05,0.0,1.0,0.0,2022,8
151,2022-08-27,2022-08-28,2.2591077140532434e-05,2.2591077140532434e-05,2.2591077140532434e-05,0.0,1.0,0.0,2022,8
152,2022-08-31,2022-09-01,1.708471063466277e-05,1.708471063466277e-05,1.708471063466277e-05,0.0,1.0,0.0,2022,8
153,2022-09-01,2022-09-02,2.0174695237074047e-05,2.0174695237074047e-05,2.0174695237074047e-05,0.0,1.0,0.0,2022,9
154,2022-09-02,2022-09-03,7.691960490774363e-06,7.691960490774363e-06,7.691960490774363e-06,0.0,1.0,0.0,2022,9
155,2022-09-05,2022-09-06,1.0343833309889305e-05,1.0343833309889305e-05,1.0343833309889305e-05,0.0,1.0,0.0,2022,9
156,2022-09-06,2022-09-07,3.28420392179396e-05,3.28420392179396e-05,3.28420392179396e-05,0.0,1.0,0.0,2022,9
157,2022-09-09,2022-09-10,1.7310419934801757e-05,1.7310419934801757e-05,1.7310419934801757e-05,0.0,1.0,0.0,2022,9
158,2022-09-10,2022-09-11,1.3918695913162082e-05,1.3918695913162082e-05,1.3918695913162082e-05,0.0,1.0,0.0,2022,9
159,2022-09-13,2022-09-14,8.307698408316355e-06,8.307698408316355e-06,8.307698408316355e-06,0.0,1.0,0.0,2022,9
160,2022-09-15,2022-09-16,1.445092220819788e-05,1.445092220819788e-05,1.445092220819788e-05,0.0,1.0,0.0,2022,9
161,2022-09-22,2022-09-23,2.3713786504231393e-05,2.3713786504231393e-05,2.3713786504231393e-05,0.0,1.0,0.0,2022,9
162,2022-09-25,2022-09-26,3.459395520621911e-05,3.459395520621911e-05,3.459395520621911e-05,0.0,1.0,0.0,2022,9
163,2022-09-27,2022-09-28,2.8780525099136867e-05,2.8780525099136867e-05,2.8780525099136867e-05,0.0,1.0,0.0,2022,9
164,2022-10-02,2022-10-03,4.179418465355411e-05,4.179418465355411e-05,4.179418465355411e-05,0.0,1.0,0.0,2022,10
165,2022-10-06,2022-10-07,8.378495294891763e-06,8.378495294891763e-06,8.378495294891763e-06,0.0,1.0,0.0,2022,10
166,2022-10-08,2022-10-09,1.626218181627337e-05,1.626218181627337e-05,1.626218181627337e-05,0.0,1.0,0.0,2022,10
167,2022-10-10,2022-10-11,9.475281331106089e-06,9.475281331106089e-06,9.475281331106089e-06,0.0,1.0,0.0,2022,10
168,2022-10-12,2022-10-13,2.5976567485486157e-05,2.5976567485486157e-05,2.5976567485486157e-05,0.0,1.0,0.0,2022,10
169,2022-10-15,2022-10-16,2.9243312383187003e-05,2.9243312383187003e-05,2.9243312383187003e-05,0.0,1.0,0.0,2022,10
170,2022-10-16,2022-10-17,2.7101985324406996e-05,2.7101985324406996e-05,2.7101985324406996e-05,0.0,1.0,0.0,2022,10
171,2022-10-17,2022-10-18,1.5667326806578785e-05,1.5667326806578785e-05,1.5667326806578785e-05,0.0,1.0,0.0,2022,10
172,2022-10-19,2022-10-20,1.554291338834446e-05,1.554291338834446e-05,1.554291338834446e-05,0.0,1.0,0.0,2022,10
173,2022-10-20,2022-10-21,1.7811282305046916e-05,1.7811282305046916e-05,1.7811282305046916e-05,0.0,1.0,0.0,2022,10
174,2022-10-21,2022-10-22,4.766500205732882e-05,4.766500205732882e-05,4.766500205732882e-05,0.0,1.0,0.0,2022,10
175,2022-10-22,2022-10-23,2.5846768039627932e-05,2.5846768039627932e-05,2.5846768039627932e-05,0.0,1.0,0.0,2022,10
176,2022-10-23,2022-10-24,2.1809233658132143e-05,2.1809233658132143e-05,2.1809233658132143e-05,0.0,1.0,0.0,2022,10
177,2022-10-24,2022-10-25,2.4611485059722327e-05,2.4611485059722327e-05,2.4611485059722327e-05,0.0,1.0,0.0,2022,10
178,2022-10-25,2022-10-26,2.96944344881922e-05,2.96944344881922e-05,2.96944344881922e-05,0.0,1.0,0.0,2022,10
179,2022-10-26,2022-10-27,2.067292371066287e-05,2.067292371066287e-05,2.067292371066287e-05,0.0,1.0,0.0,2022,10
180,2022-10-27,2022-10-28,3.173420554958284e-05,3.173420554958284e-05,3.173420554958284e-05,0.0,1.0,0.0,2022,10
181,2022-10-28,2022-10-29,1.9105549654341303e-05,1.9105549654341303e-05,1.9105549654341303e-05,0.0,1.0,0.0,2022,10
182,2022-10-29,2022-10-30,5.4861167882336304e-05,5.4861167882336304e-05,5.4861167882336304e-05,0.0,1.0,0.0,2022,10
183,2022-10-30,2022-10-31,3.125681905657984e-05,3.125681905657984e-05,3.125681905657984e-05,0.0,1.0,0.0,2022,10
184,2022-10-31,2022-11-01,1.6328371202689596e-05,1.6328371202689596e-05,1.6328371202689596e-05,0.0,1.0,0.0,2022,10
185,2022-11-01,2022-11-02,2.624280023155734e-05,2.624280023155734e-05,2.624280023155734e-05,0.0,1.0,0.0,2022,11
186,2022-11-03,2022-11-04,6.0956019297009334e-05,6.0956019297009334e-05,6.0956019297009334e-05,0.0,1.0,0.0,2022,11
187,2022-11-04,2022-11-05,4.4159798562759534e-05,4.4159798562759534e-05,4.4159798562759534e-05,0.0,1.0,0.0,2022,11
188,2022-11-05,2022-11-06,2.645343374751974e-05,2.645343374751974e-05,2.645343374751974e-05,0.0,1.0,0.0,2022,11
189,2022-11-06,2022-11-07,1.2042605703754816e-05,1.2042605703754816e-05,1.2042605703754816e-05,0.0,1.0,0.0,2022,11
190,2022-11-07,2022-11-08,4.274304228601977e-05,4.274304228601977e-05,4.274304228601977e-05,0.0,1.0,0.0,2022,11
191,2022-11-08,2022-11-09,1.911073377414141e-05,1.911073377414141e-05,1.911073377414141e-05,0.0,1.0,0.0,2022,11
192,2022-11-10,2022-11-11,3.556604860932566e-05,3.556604860932566e-05,3.556604860932566e-05,0.0,1.0,0.0,2022,11
193,2022-11-11,2022-11-12,6.207695696502924e-05,6.207695696502924e-05,6.207695696502924e-05,0.0,1.0,0.0,2022,11
194,2022-11-13,2022-11-14,3.353150896145962e-05,3.353150896145962e-05,3.353150896145962e-05,0.0,1.0,0.0,2022,11
195,2022-11-14,2022-11-15,0.00018304285185877234,0.00018304285185877234,0.00018304285185877234,0.0,1.0,0.0,2022,11
196,2022-11-15,2022-11-16,9.31799368117936e-05,9.31799368117936e-05,9.31799368117936e-05,0.0,1.0,0.0,2022,11
197,2022-11-16,2022-11-17,3.6840789107372984e-05,3.6840789107372984e-05,3.6840789107372984e-05,0.0,1.0,0.0,2022,11
198,2022-11-17,2022-11-18,8.177608833648264e-05,8.177608833648264e-05,8.177608833648264e-05,0.0,1.0,0.0,2022,11
199,2022-11-18,2022-11-19,5.2886967750964686e-05,5.2886967750964686e-05,5.2886967750964686e-05,0.0,1.0,0.0,2022,11
200,2022-11-20,2022-11-21,6.198479240993038e-05,6.198479240993038e-05,6.198479240993038e-05,0.0,1.0,0.0,2022,11
201,2022-11-22,2022-11-23,4.6830293285893276e-05,4.6830293285893276e-05,4.6830293285893276e-05,0.0,1.0,0.0,2022,11
202,2022-11-23,2022-11-24,9.706451965030283e-05,9.706451965030283e-05,9.706451965030283e-05,0.0,1.0,0.0,2022,11
203,2022-11-24,2022-11-25,2.955620402644854e-05,2.955620402644854e-05,2.955620402644854e-05,0.0,1.0,0.0,2022,11
204,2022-11-25,2022-11-26,4.812025872524828e-05,4.812025872524828e-05,4.812025872524828e-05,0.0,1.0,0.0,2022,11
205,2022-11-26,2022-11-27,0.00014854352048132569,0.00014854352048132569,0.00014854352048132569,0.0,1.0,0.0,2022,11
206,2022-11-27,2022-11-28,0.00011088612518506125,0.00011088612518506125,0.00011088612518506125,0.0,1.0,0.0,2022,11
207,2022-11-28,2022-11-29,0.0001058713678503409,0.0001058713678503409,0.0001058713678503409,0.0,1.0,0.0,2022,11
208,2022-11-29,2022-11-30,9.521439642412588e-05,9.521439642412588e-05,9.521439642412588e-05,0.0,1.0,0.0,2022,11
209,2022-11-30,2022-12-01,3.7787871406180784e-05,3.7787871406180784e-05,3.7787871406180784e-05,0.0,1.0,0.0,2022,11
210,2022-12-01,2022-12-02,3.106152144027874e-05,3.106152144027874e-05,3.106152144027874e-05,0.0,1.0,0.0,2022,12
211,2022-12-02,2022-12-03,2.2586014893022366e-05,2.2586014893022366e-05,2.2586014893022366e-05,0.0,1.0,0.0,2022,12
212,2022-12-03,2022-12-04,5.277641685097478e-05,5.277641685097478e-05,5.277641685097478e-05,0.0,1.0,0.0,2022,12
213,2022-12-04,2022-12-05,4.831834667129442e-05,4.831834667129442e-05,4.831834667129442e-05,0.0,1.0,0.0,2022,12
214,2022-12-05,2022-12-06,9.001619037007913e-05,9.001619037007913e-05,9.001619037007913e-05,0.0,1.0,0.0,2022,12
215,2022-12-06,2022-12-07,0.00015124623314477503,0.00015124623314477503,0.00015124623314477503,0.0,1.0,0.0,2022,12
216,2022-12-08,2022-12-09,0.00016327050980180502,0.00016327050980180502,0.00016327050980180502,0.0,1.0,0.0,2022,12
217,2022-12-09,2022-12-10,0.0002813467872329056,0.0002813467872329056,0.0002813467872329056,0.0,1.0,0.0,2022,12
218,2022-12-11,2022-12-12,4.162954428466037e-05,4.162954428466037e-05,4.162954428466037e-05,0.0,1.0,0.0,2022,12
219,2022-12-14,2022-12-15,8.975405216915533e-05,8.975405216915533e-05,8.975405216915533e-05,0.0,1.0,0.0,2022,12
220,2022-12-15,2022-12-16,0.00011159122368553653,0.00011159122368553653,0.00011159122368553653,0.0,1.0,0.0,2022,12
221,2022-12-16,2022-12-17,0.00014298735186457634,0.00014298735186457634,0.00014298735186457634,0.0,1.0,0.0,2022,12
222,2022-12-17,2022-12-18,0.0001008004619507119,0.0001008004619507119,0.0001008004619507119,0.0,1.0,0.0,2022,12
223,2022-12-18,2022-12-19,0.00016748755297157913,0.00016748755297157913,0.00016748755297157913,0.0,1.0,0.0,2022,12
224,2022-12-19,2022-12-20,0.00010453602590132505,0.00010453602590132505,0.00010453602590132505,0.0,1.0,0.0,2022,12
225,2022-12-20,2022-12-21,0.0003137154271826148,0.0003137154271826148,0.0003137154271826148,0.0,1.0,0.0,2022,12
226,2022-12-21,2022-12-22,0.00021322006068658084,0.00021322006068658084,0.00021322006068658084,0.0,1.0,0.0,2022,12
227,2022-12-22,2022-12-23,0.00013926248357165605,0.00013926248357165605,0.00013926248357165605,0.0,1.0,0.0,2022,12
228,2022-12-23,2022-12-24,7.474284211639315e-05,7.474284211639315e-05,7.474284211639315e-05,0.0,1.0,0.0,2022,12
229,2022-12-24,2022-12-25,3.349413600517437e-05,3.349413600517437e-05,3.349413600517437e-05,0.0,1.0,0.0,2022,12
230,2022-12-25,2022-12-26,3.709058364620432e-05,3.709058364620432e-05,3.709058364620432e-05,0.0,1.0,0.0,2022,12
231,2022-12-26,2022-12-27,3.0699553462909535e-05,3.0699553462909535e-05,3.0699553462909535e-05,0.0,1.0,0.0,2022,12
232,2022-12-27,2022-12-28,3.731791730388068e-05,3.731791730388068e-05,3.731791730388068e-05,0.0,1.0,0.0,2022,12
233,2022-12-29,2022-12-30,0.00012395661906339228,0.00012395661906339228,0.00012395661906339228,0.0,1.0,0.0,2022,12
234,2022-12-30,2022-12-31,3.427452975302003e-05,3.427452975302003e-05,3.427452975302003e-05,0.0,1.0,0.0,2022,12
235,2023-01-01,2023-01-02,3.813638613792136e-05,3.813638613792136e-05,3.813638613792136e-05,0.0,1.0,0.0,2023,1
236,2023-01-02,2023-01-03,2.6057752620545216e-05,2.6057752620545216e-05,2.6057752620545216e-05,0.0,1.0,0.0,2023,1
237,2023-01-05,2023-01-06,2.0323672288213857e-05,2.0323672288213857e-05,2.0323672288213857e-05,0.0,1.0,0.0,2023,1
238,2023-01-06,2023-01-07,7.95846717664972e-05,7.95846717664972e-05,7.95846717664972e-05,0.0,1.0,0.0,2023,1
239,2023-01-07,2023-01-08,4.798438385478221e-05,4.798438385478221e-05,4.798438385478221e-05,0.0,1.0,0.0,2023,1
240,2023-01-08,2023-01-09,0.00011757392348954454,0.00011757392348954454,0.00011757392348954454,0.0,1.0,0.0,2023,1
241,2023-01-09,2023-01-10,7.236609963001683e-05,7.236609963001683e-05,7.236609963001683e-05,0.0,1.0,0.0,2023,1
242,2023-01-10,2023-01-11,8.466951112495735e-05,8.466951112495735e-05,8.466951112495735e-05,0.0,1.0,0.0,2023,1
243,2023-01-11,2023-01-12,7.201812695711851e-05,7.201812695711851e-05,7.201812695711851e-05,0.0,1.0,0.0,2023,1
244,2023-01-12,2023-01-13,4.5377724745776504e-05,4.5377724745776504e-05,4.5377724745776504e-05,0.0,1.0,0.0,2023,1
245,2023-01-13,2023-01-14,1.7649001165409572e-05,1.7649001165409572e-05,1.7649001165409572e-05,0.0,1.0,0.0,2023,1
246,2023-01-15,2023-01-16,3.9359863876597956e-05,3.9359863876597956e-05,3.9359863876597956e-05,0.0,1.0,0.0,2023,1
247,2023-01-16,2023-01-17,3.905154881067574e-05,3.905154881067574e-05,3.905154881067574e-05,0.0,1.0,0.0,2023,1
248,2023-01-17,2023-01-18,3.981519967055647e-06,3.981519967055647e-06,3.981519967055647e-06,0.0,1.0,0.0,2023,1
249,2023-01-18,2023-01-19,2.3145441446104087e-05,2.3145441446104087e-05,2.3145441446104087e-05,0.0,1.0,0.0,2023,1
250,2023-01-20,2023-01-21,3.2848289265530184e-05,3.2848289265530184e-05,3.2848289265530184e-05,0.0,1.0,0.0,2023,1
251,2023-01-21,2023-01-22,1.974934639292769e-05,1.974934639292769e-05,1.974934639292769e-05,0.0,1.0,0.0,2023,1
252,2023-01-22,2023-01-23,2.157673407054972e-05,2.157673407054972e-05,2.157673407054972e-05,0.0,1.0,0.0,2023,1
253,2023-01-23,2023-01-24,2.7785354177467525e-05,2.7785354177467525e-05,2.7785354177467525e-05,0.0,1.0,0.0,2023,1
254,2023-01-24,2023-01-25,1.7827391275204718e-05,1.7827391275204718e-05,1.7827391275204718e-05,0.0,1.0,0.0,2023,1
255,2023-01-25,2023-01-26,3.4142871299991384e-05,3.4142871299991384e-05,3.4142871299991384e-05,0.0,1.0,0.0,2023,1
256,2023-01-26,2023-01-27,6.478252180386335e-05,6.478252180386335e-05,6.478252180386335e-05,0.0,1.0,0.0,2023,1
257,2023-01-27,2023-01-28,3.760381514439359e-05,3.760381514439359e-05,3.760381514439359e-05,0.0,1.0,0.0,2023,1
258,2023-01-28,2023-01-29,5.4142536100698635e-05,5.4142536100698635e-05,5.4142536100698635e-05,0.0,1.0,0.0,2023,1
259,2023-01-29,2023-01-30,2.9004664611420594e-05,2.9004664611420594e-05,2.9004664611420594e-05,0.0,1.0,0.0,2023,1
260,2023-01-30,2023-01-31,2.4169585230993107e-05,2.4169585230993107e-05,2.4169585230993107e-05,0.0,1.0,0.0,2023,1
261,2023-01-31,2023-02-01,6.001264409860596e-05,6.001264409860596e-05,6.001264409860596e-05,0.0,1.0,0.0,2023,1
262,2023-02-01,2023-02-02,3.059475784539245e-05,3.059475784539245e-05,3.059475784539245e-05,0.0,1.0,0.0,2023,2
263,2023-02-02,2023-02-03,1.9639999663922936e-05,1.9639999663922936e-05,1.9639999663922936e-05,0.0,1.0,0.0,2023,2
264,2023-02-03,2023-02-04,6.057377686374821e-05,6.057377686374821e-05,6.057377686374821e-05,0.0,1.0,0.0,2023,2
265,2023-02-04,2023-02-05,0.0001480707578593865,0.0001480707578593865,0.0001480707578593865,0.0,1.0,0.0,2023,2
266,2023-02-05,2023-02-06,6.356652011163533e-05,6.356652011163533e-05,6.356652011163533e-05,0.0,1.0,0.0,2023,2
267,2023-02-06,2023-02-07,5.697353117284365e-05,5.697353117284365e-05,5.697353117284365e-05,0.0,1.0,0.0,2023,2
268,2023-02-07,2023-02-08,9.687107376521453e-05,9.687107376521453e-05,9.687107376521453e-05,0.0,1.0,0.0,2023,2
269,2023-02-08,2023-02-09,9.59358221734874e-05,9.59358221734874e-05,9.59358221734874e-05,0.0,1.0,0.0,2023,2
270,2023-02-09,2023-02-10,8.971190254669636e-05,8.971190254669636e-05,8.971190254669636e-05,0.0,1.0,0.0,2023,2
271,2023-02-10,2023-02-11,5.4776453907834366e-05,5.4776453907834366e-05,5.4776453907834366e-05,0.0,1.0,0.0,2023,2
272,2023-02-11,2023-02-12,3.51574199157767e-05,3.51574199157767e-05,3.51574199157767e-05,0.0,1.0,0.0,2023,2
273,2023-02-12,2023-02-13,5.7237441069446504e-05,5.7237441069446504e-05,5.7237441069446504e-05,0.0,1.0,0.0,2023,2
274,2023-02-13,2023-02-14,5.797538688057102e-05,5.797538688057102e-05,5.797538688057102e-05,0.0,1.0,0.0,2023,2
275,2023-02-14,2023-02-15,3.978692620876245e-05,3.978692620876245e-05,3.978692620876245e-05,0.0,1.0,0.0,2023,2
276,2023-02-15,2023-02-16,1.858093310147524e-05,1.858093310147524e-05,1.858093310147524e-05,0.0,1.0,0.0,2023,2
277,2023-02-16,2023-02-17,3.139744876534678e-05,3.139744876534678e-05,3.139744876534678e-05,0.0,1.0,0.0,2023,2
278,2023-02-17,2023-02-18,2.6793399229063652e-05,2.6793399229063652e-05,2.6793399229063652e-05,0.0,1.0,0.0,2023,2
279,2023-02-18,2023-02-19,3.7882251490373164e-05,3.7882251490373164e-05,3.7882251490373164e-05,0.0,1.0,0.0,2023,2
280,2023-02-19,2023-02-20,2.8650902095250785e-05,2.8650902095250785e-05,2.8650902095250785e-05,0.0,1.0,0.0,2023,2
281,2023-02-20,2023-02-21,7.931768777780235e-05,7.931768777780235e-05,7.931768777780235e-05,0.0,1.0,0.0,2023,2
282,2023-02-21,2023-02-22,3.487745198071934e-05,3.487745198071934e-05,3.487745198071934e-05,0.0,1.0,0.0,2023,2
283,2023-02-22,2023-02-23,3.218787969672121e-05,3.218787969672121e-05,3.218787969672121e-05,0.0,1.0,0.0,2023,2
284,2023-02-23,2023-02-24,3.0255503588705324e-05,3.0255503588705324e-05,3.0255503588705324e-05,0.0,1.0,0.0,2023,2
285,2023-02-24,2023-02-25,6.0620164731517434e-05,6.0620164731517434e-05,6.0620164731517434e-05,0.0,1.0,0.0,2023,2
286,2023-02-25,2023-02-26,4.707614425569773e-05,4.707614425569773e-05,4.707614425569773e-05,0.0,1.0,0.0,2023,2
287,2023-02-26,2023-02-27,3.9031805499689654e-05,3.9031805499689654e-05,3.9031805499689654e-05,0.0,1.0,0.0,2023,2
288,2023-02-27,2023-02-28,2.9955001082271338e-05,2.9955001082271338e-05,2.9955001082271338e-05,0.0,1.0,0.0,2023,2
289,2023-02-28,2023-03-01,1.4911313883203547e-05,1.4911313883203547e-05,1.4911313883203547e-05,0.0,1.0,0.0,2023,2
290,2023-03-01,2023-03-02,3.1712756026536226e-05,3.1712756026536226e-05,3.1712756026536226e-05,0.0,1.0,0.0,2023,3
291,2023-03-03,2023-03-04,5.094237712910399e-05,5.094237712910399e-05,5.094237712910399e-05,0.0,1.0,0.0,2023,3
292,2023-03-04,2023-03-05,6.804112490499392e-05,6.804112490499392e-05,6.804112490499392e-05,0.0,1.0,0.0,2023,3
293,2023-03-05,2023-03-06,9.177703759633005e-05,9.177703759633005e-05,9.177703759633005e-05,0.0,1.0,0.0,2023,3
294,2023-03-06,2023-03-07,5.389254147303291e-05,5.389254147303291e-05,5.389254147303291e-05,0.0,1.0,0.0,2023,3
295,2023-03-07,2023-03-08,5.433035039459355e-05,5.433035039459355e-05,5.433035039459355e-05,0.0,1.0,0.0,2023,3
296,2023-03-08,2023-03-09,4.907989568891935e-05,4.907989568891935e-05,4.907989568891935e-05,0.0,1.0,0.0,2023,3
297,2023-03-09,2023-03-10,6.417646363843232e-05,6.417646363843232e-05,6.417646363843232e-05,0.0,1.0,0.0,2023,3
298,2023-03-13,2023-03-14,5.2519641030812636e-05,5.2519641030812636e-05,5.2519641030812636e-05,0.0,1.0,0.0,2023,3
299,2023-03-16,2023-03-17,6.59228753647767e-05,6.59228753647767e-05,6.59228753647767e-05,0.0,1.0,0.0,2023,3
300,2023-03-20,2023-03-21,9.195406164508313e-06,9.195406164508313e-06,9.195406164508313e-06,0.0,1.0,0.0,2023,3
301,2023-03-21,2023-03-22,2.699827018659562e-05,2.699827018659562e-05,2.699827018659562e-05,0.0,1.0,0.0,2023,3
302,2023-03-22,2023-03-23,2.8639420634135604e-05,2.8639420634135604e-05,2.8639420634135604e-05,0.0,1.0,0.0,2023,3
303,2023-03-23,2023-03-24,5.491239789989777e-06,5.491239789989777e-06,5.491239789989777e-06,0.0,1.0,0.0,2023,3
304,2023-03-24,2023-03-25,2.4964559997897595e-05,2.4964559997897595e-05,2.4964559997897595e-05,0.0,1.0,0.0,2023,3
305,2023-03-25,2023-03-26,2.712909918045625e-05,2.712909918045625e-05,2.712909918045625e-05,0.0,1.0,0.0,2023,3
306,2023-03-26,2023-03-27,3.1838673749007285e-05,3.1838673749007285e-05,3.1838673749007285e-05,0.0,1.0,0.0,2023,3
307,2023-03-27,2023-03-28,2.622828287712764e-05,2.622828287712764e-05,2.622828287712764e-05,0.0,1.0,0.0,2023,3
308,2023-03-28,2023-03-29,5.520975173567422e-05,5.520975173567422e-05,5.520975173567422e-05,0.0,1.0,0.0,2023,3
309,2023-03-29,2023-03-30,3.2802217901917174e-05,3.2802217901917174e-05,3.2802217901917174e-05,0.0,1.0,0.0,2023,3
310,2023-03-30,2023-03-31,4.800635451829294e-06,4.800635451829294e-06,4.800635451829294e-06,0.0,1.0,0.0,2023,3
311,2023-03-31,2023-04-01,4.753129542223178e-05,4.753129542223178e-05,4.753129542223178e-05,0.0,1.0,0.0,2023,3
312,2023-04-01,2023-04-02,1.0552264029684011e-05,1.0552264029684011e-05,1.0552264029684011e-05,0.0,1.0,0.0,2023,4
313,2023-04-02,2023-04-03,2.1683910745196044e-05,2.1683910745196044e-05,2.1683910745196044e-05,0.0,1.0,0.0,2023,4
314,2023-04-03,2023-04-04,2.5216926587745547e-05,2.5216926587745547e-05,2.5216926587745547e-05,0.0,1.0,0.0,2023,4
315,2023-04-04,2023-04-05,2.4256480173789896e-05,2.4256480173789896e-05,2.4256480173789896e-05,0.0,1.0,0.0,2023,4
316,2023-04-05,2023-04-06,2.81300199276302e-05,2.81300199276302e-05,2.81300199276302e-05,0.0,1.0,0.0,2023,4
317,2023-04-06,2023-04-07,2.5756735340110026e-05,2.5756735340110026e-05,2.5756735340110026e-05,0.0,1.0,0.0,2023,4
318,2023-04-07,2023-04-08,2.8616799681913108e-05,2.8616799681913108e-05,2.8616799681913108e-05,0.0,1.0,0.0,2023,4
319,2023-04-09,2023-04-10,3.250694499001838e-05,3.250694499001838e-05,3.250694499001838e-05,0.0,1.0,0.0,2023,4
320,2023-04-10,2023-04-11,1.2171363778179511e-05,1.2171363778179511e-05,1.2171363778179511e-05,0.0,1.0,0.0,2023,4
321,2023-04-11,2023-04-12,2.34013277804479e-05,2.34013277804479e-05,2.34013277804479e-05,0.0,1.0,0.0,2023,4
322,2023-04-12,2023-04-13,4.986113344784826e-05,4.986113344784826e-05,4.986113344784826e-05,0.0,1.0,0.0,2023,4
323,2023-04-13,2023-04-14,2.533516271796543e-05,2.533516271796543e-05,2.533516271796543e-05,0.0,1.0,0.0,2023,4
324,2023-04-14,2023-04-15,1.7578302504261956e-05,1.7578302504261956e-05,1.7578302504261956e-05,0.0,1.0,0.0,2023,4
325,2023-04-15,2023-04-16,3.656888657133095e-05,3.656888657133095e-05,3.656888657133095e-05,0.0,1.0,0.0,2023,4
326,2023-04-16,2023-04-17,4.212874409859069e-05,4.212874409859069e-05,4.212874409859069e-05,0.0,1.0,0.0,2023,4
327,2023-04-17,2023-04-18,5.308702020556666e-05,5.308702020556666e-05,5.308702020556666e-05,0.0,1.0,0.0,2023,4
328,2023-04-18,2023-04-19,5.933959982939996e-05,5.933959982939996e-05,5.933959982939996e-05,0.0,1.0,0.0,2023,4
329,2023-04-19,2023-04-20,6.702370592392981e-05,6.702370592392981e-05,6.702370592392981e-05,0.0,1.0,0.0,2023,4
330,2023-04-21,2023-04-22,3.1518240575678647e-05,3.1518240575678647e-05,3.1518240575678647e-05,0.0,1.0,0.0,2023,4
331,2023-04-22,2023-04-23,2.611219315440394e-05,2.611219315440394e-05,2.611219315440394e-05,0.0,1.0,0.0,2023,4
332,2023-04-23,2023-04-24,2.9859080314054154e-05,2.9859080314054154e-05,2.9859080314054154e-05,0.0,1.0,0.0,2023,4
333,2023-04-24,2023-04-25,1.6325098840752617e-05,1.6325098840752617e-05,1.6325098840752617e-05,0.0,1.0,0.0,2023,4
334,2023-04-25,2023-04-26,2.8565025786519982e-05,2.8565025786519982e-05,2.8565025786519982e-05,0.0,1.0,0.0,2023,4
335,2023-04-26,2023-04-27,1.03849724837346e-05,1.03849724837346e-05,1.03849724837346e-05,0.0,1.0,0.0,2023,4
336,2023-04-27,2023-04-28,2.8923264835611917e-05,2.8923264835611917e-05,2.8923264835611917e-05,0.0,1.0,0.0,2023,4
337,2023-04-28,2023-04-29,2.755114564934047e-06,2.755114564934047e-06,2.755114564934047e-06,0.0,1.0,0.0,2023,4
338,2023-05-02,2023-05-03,2.9895591069362126e-05,2.9895591069362126e-05,2.9895591069362126e-05,0.0,1.0,0.0,2023,5
339,2023-05-03,2023-05-04,3.057799403904937e-05,3.057799403904937e-05,3.057799403904937e-05,0.0,1.0,0.0,2023,5
340,2023-05-04,2023-05-05,2.7373069315217435e-05,2.7373069315217435e-05,2.7373069315217435e-05,0.0,1.0,0.0,2023,5
341,2023-05-06,2023-05-07,3.0332954338518903e-05,3.0332954338518903e-05,3.0332954338518903e-05,0.0,1.0,0.0,2023,5
342,2023-05-07,2023-05-08,2.4840661353664473e-05,2.4840661353664473e-05,2.4840661353664473e-05,0.0,1.0,0.0,2023,5
343,2023-05-08,2023-05-09,3.746076981769875e-05,3.746076981769875e-05,3.746076981769875e-05,0.0,1.0,0.0,2023,5
344,2023-05-09,2023-05-10,3.546960942912847e-05,3.546960942912847e-05,3.546960942912847e-05,0.0,1.0,0.0,2023,5
345,2023-05-10,2023-05-11,3.6950503272237256e-05,3.6950503272237256e-05,3.6950503272237256e-05,0.0,1.0,0.0,2023,5
346,2023-05-11,2023-05-12,2.6245546905556694e-05,2.6245546905556694e-05,2.6245546905556694e-05,0.0,1.0,0.0,2023,5
347,2023-05-12,2023-05-13,3.9878388633951545e-05,3.9878388633951545e-05,3.9878388633951545e-05,0.0,1.0,0.0,2023,5
348,2023-05-13,2023-05-14,3.708086660481058e-05,3.708086660481058e-05,3.708086660481058e-05,0.0,1.0,0.0,2023,5
349,2023-05-14,2023-05-15,3.35761287715286e-05,3.35761287715286e-05,3.35761287715286e-05,0.0,1.0,0.0,2023,5
350,2023-05-15,2023-05-16,2.5616314815124497e-05,2.5616314815124497e-05,2.5616314815124497e-05,0.0,1.0,0.0,2023,5
351,2023-05-16,2023-05-17,2.5297060346929356e-05,2.5297060346929356e-05,2.5297060346929356e-05,0.0,1.0,0.0,2023,5
352,2023-05-17,2023-05-18,3.851546716759913e-05,3.851546716759913e-05,3.851546716759913e-05,0.0,1.0,0.0,2023,5
353,2023-05-18,2023-05-19,3.7509031244553626e-05,3.7509031244553626e-05,3.7509031244553626e-05,0.0,1.0,0.0,2023,5
354,2023-05-19,2023-05-20,2.5342085791635327e-05,2.5342085791635327e-05,2.5342085791635327e-05,0.0,1.0,0.0,2023,5
355,2023-05-20,2023-05-21,3.044784170924686e-05,3.044784170924686e-05,3.044784170924686e-05,0.0,1.0,0.0,2023,5
356,2023-05-21,2023-05-22,4.291155710234307e-05,4.291155710234307e-05,4.291155710234307e-05,0.0,1.0,0.0,2023,5
357,2023-05-22,2023-05-23,4.648276444640942e-05,4.648276444640942e-05,4.648276444640942e-05,0.0,1.0,0.0,2023,5
358,2023-05-23,2023-05-24,3.4079523175023496e-05,3.4079523175023496e-05,3.4079523175023496e-05,0.0,1.0,0.0,2023,5
359,2023-05-24,2023-05-25,4.6786051825620234e-05,4.6786051825620234e-05,4.6786051825620234e-05,0.0,1.0,0.0,2023,5
360,2023-05-25,2023-05-26,4.759402872878127e-05,4.759402872878127e-05,4.759402872878127e-05,0.0,1.0,0.0,2023,5
361,2023-05-26,2023-05-27,4.1838051402010024e-05,4.1838051402010024e-05,4.1838051402010024e-05,0.0,1.0,0.0,2023,5
362,2023-05-27,2023-05-28,4.512622035690583e-05,4.512622035690583e-05,4.512622035690583e-05,0.0,1.0,0.0,2023,5
363,2023-05-28,2023-05-29,5.895812500966713e-05,5.895812500966713e-05,5.895812500966713e-05,0.0,1.0,0.0,2023,5
364,2023-05-29,2023-05-30,5.683018753188662e-05,5.683018753188662e-05,5.683018753188662e-05,0.0,1.0,0.0,2023,5
365,2023-05-30,2023-05-31,3.748770177480765e-05,3.748770177480765e-05,3.748770177480765e-05,0.0,1.0,0.0,2023,5
366,2023-05-31,2023-06-01,6.532028783112764e-05,6.532028783112764e-05,6.532028783112764e-05,0.0,1.0,0.0,2023,5
367,2023-06-01,2023-06-02,7.303668826352805e-05,7.303668826352805e-05,7.303668826352805e-05,0.0,1.0,0.0,2023,6
368,2023-06-02,2023-06-03,9.593893628334627e-05,9.593893628334627e-05,9.593893628334627e-05,0.0,1.0,0.0,2023,6
369,2023-06-03,2023-06-04,4.925294342683628e-05,4.925294342683628e-05,4.925294342683628e-05,0.0,1.0,0.0,2023,6
370,2023-06-05,2023-06-06,7.64442520448938e-05,7.64442520448938e-05,7.64442520448938e-05,0.0,1.0,0.0,2023,6
371,2023-06-06,2023-06-07,5.1598664867924526e-05,5.1598664867924526e-05,5.1598664867924526e-05,0.0,1.0,0.0,2023,6
372,2023-06-07,2023-06-08,8.12349608168006e-05,8.12349608168006e-05,8.12349608168006e-05,0.0,1.0,0.0,2023,6
373,2023-06-08,2023-06-09,6.295217463048175e-05,6.295217463048175e-05,6.295217463048175e-05,0.0,1.0,0.0,2023,6
374,2023-06-09,2023-06-10,8.330574200954288e-05,8.330574200954288e-05,8.330574200954288e-05,0.0,1.0,0.0,2023,6
375,2023-06-12,2023-06-13,4.557648571790196e-05,4.557648571790196e-05,4.557648571790196e-05,0.0,1.0,0.0,2023,6
376,2023-06-13,2023-06-14,4.755265763378702e-05,4.755265763378702e-05,4.755265763378702e-05,0.0,1.0,0.0,2023,6
377,2023-06-15,2023-06-16,3.543052662280388e-05,3.543052662280388e-05,3.543052662280388e-05,0.0,1.0,0.0,2023,6
378,2023-06-16,2023-06-17,3.807400935329497e-05,3.807400935329497e-05,3.807400935329497e-05,0.0,1.0,0.0,2023,6
379,2023-06-17,2023-06-18,4.3204760004300624e-05,4.3204760004300624e-05,4.3204760004300624e-05,0.0,1.0,0.0,2023,6
380,2023-07-04,2023-07-05,2.5167002604575828e-05,2.5167002604575828e-05,2.5167002604575828e-05,0.0,1.0,0.0,2023,7
381,2023-07-05,2023-07-06,1.4160931641526986e-05,1.4160931641526986e-05,1.4160931641526986e-05,0.0,1.0,0.0,2023,7
382,2023-07-09,2023-07-10,2.975918323500082e-05,2.975918323500082e-05,2.975918323500082e-05,0.0,1.0,0.0,2023,7
383,2023-07-10,2023-07-11,1.3701756870432291e-05,1.3701756870432291e-05,1.3701756870432291e-05,0.0,1.0,0.0,2023,7
384,2023-07-26,2023-07-27,2.4444983864668757e-05,2.4444983864668757e-05,2.4444983864668757e-05,0.0,1.0,0.0,2023,7
385,2023-07-27,2023-07-28,2.3326869268203154e-05,2.3326869268203154e-05,2.3326869268203154e-05,0.0,1.0,0.0,2023,7
386,2023-08-09,2023-08-10,1.1383009223209228e-05,1.1383009223209228e-05,1.1383009223209228e-05,0.0,1.0,0.0,2023,8
387,2023-08-11,2023-08-12,3.364165604580194e-05,3.364165604580194e-05,3.364165604580194e-05,0.0,1.0,0.0,2023,8
388,2023-08-12,2023-08-13,3.425124305067584e-05,3.425124305067584e-05,3.425124305067584e-05,0.0,1.0,0.0,2023,8
389,2023-08-16,2023-08-17,3.4681506804190576e-05,3.4681506804190576e-05,3.4681506804190576e-05,0.0,1.0,0.0,2023,8
390,2023-08-22,2023-08-23,1.3978876268083695e-05,1.3978876268083695e-05,1.3978876268083695e-05,0.0,1.0,0.0,2023,8
391,2023-08-28,2023-08-29,3.07764858007431e-05,3.07764858007431e-05,3.07764858007431e-05,0.0,1.0,0.0,2023,8
392,2023-08-29,2023-08-30,9.498819053987972e-06,9.498819053987972e-06,9.498819053987972e-06,0.0,1.0,0.0,2023,8
393,2023-08-30,2023-08-31,2.0499586753430776e-05,2.0499586753430776e-05,2.0499586753430776e-05,0.0,1.0,0.0,2023,8
394,2023-08-31,2023-09-01,5.075610533822328e-05,5.075610533822328e-05,5.075610533822328e-05,0.0,1.0,0.0,2023,8
395,2023-09-01,2023-09-02,3.880417352775112e-05,3.880417352775112e-05,3.880417352775112e-05,0.0,1.0,0.0,2023,9
396,2023-09-17,2023-09-18,3.3210912079084665e-05,3.3210912079084665e-05,3.3210912079084665e-05,0.0,1.0,0.0,2023,9
397,2023-09-18,2023-09-19,3.8546430005226284e-05,3.8546430005226284e-05,3.8546430005226284e-05,0.0,1.0,0.0,2023,9
398,2023-09-19,2023-09-20,3.398592525627464e-05,3.398592525627464e-05,3.398592525627464e-05,0.0,1.0,0.0,2023,9
399,2023-09-27,2023-09-28,1.3954091627965681e-05,1.3954091627965681e-05,1.3954091627965681e-05,0.0,1.0,0.0,2023,9
400,2023-09-30,2023-10-01,3.7928482925053686e-05,3.7928482925053686e-05,3.7928482925053686e-05,0.0,1.0,0.0,2023,9
401,2023-10-04,2023-10-05,1.9539766071829945e-05,1.9539766071829945e-05,1.9539766071829945e-05,0.0,1.0,0.0,2023,10
402,2023-10-05,2023-10-06,3.418098276597448e-05,3.418098276597448e-05,3.418098276597448e-05,0.0,1.0,0.0,2023,10
403,2023-10-06,2023-10-07,2.2680722395307384e-05,2.2680722395307384e-05,2.2680722395307384e-05,0.0,1.0,0.0,2023,10
404,2023-10-07,2023-10-08,3.283724799985066e-05,3.283724799985066e-05,3.283724799985066e-05,0.0,1.0,0.0,2023,10
405,2023-10-08,2023-10-09,3.870934233418666e-05,3.870934233418666e-05,3.870934233418666e-05,0.0,1.0,0.0,2023,10
406,2023-10-09,2023-10-10,5.727826282964088e-05,5.727826282964088e-05,5.727826282964088e-05,0.0,1.0,0.0,2023,10
407,2023-10-10,2023-10-11,3.428247509873472e-05,3.428247509873472e-05,3.428247509873472e-05,0.0,1.0,0.0,2023,10
408,2023-10-11,2023-10-12,5.203521504881792e-05,5.203521504881792e-05,5.203521504881792e-05,0.0,1.0,0.0,2023,10
409,2023-10-12,2023-10-13,2.714556103455834e-05,2.714556103455834e-05,2.714556103455834e-05,0.0,1.0,0.0,2023,10
410,2023-10-14,2023-10-15,3.999294131062925e-05,3.999294131062925e-05,3.999294131062925e-05,0.0,1.0,0.0,2023,10
411,2023-10-16,2023-10-17,8.856974091031589e-06,8.856974091031589e-06,8.856974091031589e-06,0.0,1.0,0.0,2023,10
412,2023-10-17,2023-10-18,3.0916584364604205e-05,3.0916584364604205e-05,3.0916584364604205e-05,0.0,1.0,0.0,2023,10
413,2023-10-18,2023-10-19,8.195823465939611e-05,8.195823465939611e-05,8.195823465939611e-05,0.0,1.0,0.0,2023,10
414,2023-10-21,2023-10-22,7.159991946537048e-05,7.159991946537048e-05,7.159991946537048e-05,0.0,1.0,0.0,2023,10
415,2023-10-22,2023-10-23,3.412905789446086e-05,3.412905789446086e-05,3.412905789446086e-05,0.0,1.0,0.0,2023,10
416,2023-10-23,2023-10-24,4.949873255100101e-05,4.949873255100101e-05,4.949873255100101e-05,0.0,1.0,0.0,2023,10
417,2023-10-24,2023-10-25,5.266725565888919e-05,5.266725565888919e-05,5.266725565888919e-05,0.0,1.0,0.0,2023,10
418,2023-10-25,2023-10-26,3.309679595986381e-05,3.309679595986381e-05,3.309679595986381e-05,0.0,1.0,0.0,2023,10
419,2023-10-26,2023-10-27,6.282458343775943e-05,6.282458343775943e-05,6.282458343775943e-05,0.0,1.0,0.0,2023,10
420,2023-10-27,2023-10-28,3.1441260944120586e-05,3.1441260944120586e-05,3.1441260944120586e-05,0.0,1.0,0.0,2023,10
421,2023-10-28,2023-10-29,2.5376159101142548e-05,2.5376159101142548e-05,2.5376159101142548e-05,0.0,1.0,0.0,2023,10
422,2023-10-29,2023-10-30,2.695251714612823e-05,2.695251714612823e-05,2.695251714612823e-05,0.0,1.0,0.0,2023,10
423,2023-10-30,2023-10-31,1.4635694242315367e-05,1.4635694242315367e-05,1.4635694242315367e-05,0.0,1.0,0.0,2023,10
424,2023-11-01,2023-11-02,1.786981738405302e-05,1.786981738405302e-05,1.786981738405302e-05,0.0,1.0,0.0,2023,11
425,2023-11-02,2023-11-03,1.661052374402061e-05,1.661052374402061e-05,1.661052374402061e-05,0.0,1.0,0.0,2023,11
426,2023-11-03,2023-11-04,2.3624301320523955e-05,2.3624301320523955e-05,2.3624301320523955e-05,0.0,1.0,0.0,2023,11
427,2023-11-04,2023-11-05,2.9980050385347567e-05,2.9980050385347567e-05,2.9980050385347567e-05,0.0,1.0,0.0,2023,11
428,2023-11-06,2023-11-07,1.5220722161757294e-05,1.5220722161757294e-05,1.5220722161757294e-05,0.0,1.0,0.0,2023,11
429,2023-11-07,2023-11-08,3.056691275560297e-05,3.056691275560297e-05,3.056691275560297e-05,0.0,1.0,0.0,2023,11
430,2023-11-08,2023-11-09,4.3874842958757654e-05,4.3874842958757654e-05,4.3874842958757654e-05,0.0,1.0,0.0,2023,11
431,2023-11-09,2023-11-10,3.550048859324306e-05,3.550048859324306e-05,3.550048859324306e-05,0.0,1.0,0.0,2023,11
432,2023-11-10,2023-11-11,4.239511690684594e-05,4.239511690684594e-05,4.239511690684594e-05,0.0,1.0,0.0,2023,11
433,2023-11-11,2023-11-12,1.5968022125889547e-05,1.5968022125889547e-05,1.5968022125889547e-05,0.0,1.0,0.0,2023,11
434,2023-11-12,2023-11-13,2.5735578674357384e-05,2.5735578674357384e-05,2.5735578674357384e-05,0.0,1.0,0.0,2023,11
435,2023-11-15,2023-11-16,0.00011491600162116811,0.00011491600162116811,0.00011491600162116811,0.0,1.0,0.0,2023,11
436,2023-11-16,2023-11-17,2.638737714732997e-05,2.638737714732997e-05,2.638737714732997e-05,0.0,1.0,0.0,2023,11
437,2023-11-17,2023-11-18,3.618905975599773e-05,3.618905975599773e-05,3.618905975599773e-05,0.0,1.0,0.0,2023,11
438,2023-11-18,2023-11-19,3.1091662094695494e-05,3.1091662094695494e-05,3.1091662094695494e-05,0.0,1.0,0.0,2023,11
439,2023-11-21,2023-11-22,2.6153125872951932e-05,2.6153125872951932e-05,2.6153125872951932e-05,0.0,1.0,0.0,2023,11
440,2023-11-22,2023-11-23,1.7017870050040074e-05,1.7017870050040074e-05,1.7017870050040074e-05,0.0,1.0,0.0,2023,11
441,2023-11-23,2023-11-24,2.0209970898577012e-05,2.0209970898577012e-05,2.0209970898577012e-05,0.0,1.0,0.0,2023,11
442,2023-11-26,2023-11-27,3.071567334700376e-05,3.071567334700376e-05,3.071567334700376e-05,0.0,1.0,0.0,2023,11
443,2023-11-29,2023-11-30,3.333939821459353e-05,3.333939821459353e-05,3.333939821459353e-05,0.0,1.0,0.0,2023,11
444,2023-11-30,2023-12-01,3.2199819543166086e-05,3.2199819543166086e-05,3.2199819543166086e-05,0.0,1.0,0.0,2023,11
445,2023-12-01,2023-12-02,3.656113403849304e-05,3.656113403849304e-05,3.656113403849304e-05,0.0,1.0,0.0,2023,12
446,2023-12-02,2023-12-03,1.873444671218749e-05,1.873444671218749e-05,1.873444671218749e-05,0.0,1.0,0.0,2023,12
447,2023-12-09,2023-12-10,1.2628371223399881e-05,1.2628371223399881e-05,1.2628371223399881e-05,0.0,1.0,0.0,2023,12
448,2023-12-12,2023-12-13,5.475281795952469e-05,5.475281795952469e-05,5.475281795952469e-05,0.0,1.0,0.0,2023,12
449,2023-12-13,2023-12-14,4.067015470354818e-05,4.067015470354818e-05,4.067015470354818e-05,0.0,1.0,0.0,2023,12
450,2023-12-14,2023-12-15,4.201029150863178e-05,4.201029150863178e-05,4.201029150863178e-05,0.0,1.0,0.0,2023,12
451,2023-12-15,2023-12-16,5.0928898417623714e-05,5.0928898417623714e-05,5.0928898417623714e-05,0.0,1.0,0.0,2023,12
452,2023-12-16,2023-12-17,6.991723057581112e-05,6.991723057581112e-05,6.991723057581112e-05,0.0,1.0,0.0,2023,12
453,2023-12-17,2023-12-18,5.016968498239294e-05,5.016968498239294e-05,5.016968498239294e-05,0.0,1.0,0.0,2023,12
454,2023-12-18,2023-12-19,6.945464701857418e-05,6.945464701857418e-05,6.945464701857418e-05,0.0,1.0,0.0,2023,12
455,2023-12-19,2023-12-20,7.840767648303881e-05,7.840767648303881e-05,7.840767648303881e-05,0.0,1.0,0.0,2023,12
456,2023-12-20,2023-12-21,0.00011784739035647362,0.00011784739035647362,0.00011784739035647362,0.0,1.0,0.0,2023,12
457,2023-12-21,2023-12-22,0.0003330733743496239,0.0003330733743496239,0.0003330733743496239,0.0,1.0,0.0,2023,12
458,2023-12-22,2023-12-23,6.267591379582882e-05,6.267591379582882e-05,6.267591379582882e-05,0.0,1.0,0.0,2023,12
459,2023-12-24,2023-12-25,3.4731769119389355e-05,3.4731769119389355e-05,3.4731769119389355e-05,0.0,1.0,0.0,2023,12
460,2023-12-25,2023-12-26,4.271021316526458e-05,4.271021316526458e-05,4.271021316526458e-05,0.0,1.0,0.0,2023,12
461,2023-12-26,2023-12-27,5.4897205700399354e-05,5.4897205700399354e-05,5.4897205700399354e-05,0.0,1.0,0.0,2023,12
462,2023-12-28,2023-12-29,8.067141607170925e-05,8.067141607170925e-05,8.067141607170925e-05,0.0,1.0,0.0,2023,12
463,2023-12-30,2023-12-31,3.7442834582179785e-05,3.7442834582179785e-05,3.7442834582179785e-05,0.0,1.0,0.0,2023,12
464,2024-01-02,2024-01-03,3.708943404490128e-05,3.708943404490128e-05,3.708943404490128e-05,0.0,1.0,0.0,2024,1
465,2024-01-03,2024-01-04,2.2327696569846012e-05,2.2327696569846012e-05,2.2327696569846012e-05,0.0,1.0,0.0,2024,1
466,2024-01-04,2024-01-05,1.7516646039439365e-05,1.7516646039439365e-05,1.7516646039439365e-05,0.0,1.0,0.0,2024,1
467,2024-01-05,2024-01-06,2.05166816158453e-05,2.05166816158453e-05,2.05166816158453e-05,0.0,1.0,0.0,2024,1
468,2024-01-07,2024-01-08,4.051801806781441e-05,4.051801806781441e-05,4.051801806781441e-05,0.0,1.0,0.0,2024,1
469,2024-01-08,2024-01-09,2.673040762601886e-05,2.673040762601886e-05,2.673040762601886e-05,0.0,1.0,0.0,2024,1
470,2024-01-09,2024-01-10,7.406160148093477e-05,7.406160148093477e-05,7.406160148093477e-05,0.0,1.0,0.0,2024,1
471,2024-01-10,2024-01-11,5.334196976036765e-05,5.334196976036765e-05,5.334196976036765e-05,0.0,1.0,0.0,2024,1
472,2024-01-11,2024-01-12,4.744455509353429e-05,4.744455509353429e-05,4.744455509353429e-05,0.0,1.0,0.0,2024,1
473,2024-01-12,2024-01-13,6.492221291409805e-05,6.492221291409805e-05,6.492221291409805e-05,0.0,1.0,0.0,2024,1
474,2024-01-13,2024-01-14,2.9372746212175116e-05,2.9372746212175116e-05,2.9372746212175116e-05,0.0,1.0,0.0,2024,1
475,2024-01-14,2024-01-15,4.882598659605719e-05,4.882598659605719e-05,4.882598659605719e-05,0.0,1.0,0.0,2024,1
476,2024-01-15,2024-01-16,9.792228229343891e-05,9.792228229343891e-05,9.792228229343891e-05,0.0,1.0,0.0,2024,1
477,2024-01-16,2024-01-17,3.386471144040115e-05,3.386471144040115e-05,3.386471144040115e-05,0.0,1.0,0.0,2024,1
478,2024-01-20,2024-01-21,2.4976216081995517e-05,2.4976216081995517e-05,2.4976216081995517e-05,0.0,1.0,0.0,2024,1
479,2024-01-25,2024-01-26,3.46547421941068e-05,3.46547421941068e-05,3.46547421941068e-05,0.0,1.0,0.0,2024,1
480,2024-01-26,2024-01-27,4.7020796046126634e-05,4.7020796046126634e-05,4.7020796046126634e-05,0.0,1.0,0.0,2024,1
481,2024-01-29,2024-01-30,2.6508645532885566e-05,2.6508645532885566e-05,2.6508645532885566e-05,0.0,1.0,0.0,2024,1
482,2024-01-30,2024-01-31,2.1229992853477597e-05,2.1229992853477597e-05,2.1229992853477597e-05,0.0,1.0,0.0,2024,1
483,2024-01-31,2024-02-01,4.440348129719496e-05,4.440348129719496e-05,4.440348129719496e-05,0.0,1.0,0.0,2024,1
484,2024-02-03,2024-02-04,6.347752787405625e-05,6.347752787405625e-05,6.347752787405625e-05,0.0,1.0,0.0,2024,2
485,2024-02-04,2024-02-05,3.170671334373765e-05,3.170671334373765e-05,3.170671334373765e-05,0.0,1.0,0.0,2024,2
486,2024-02-05,2024-02-06,2.1961946913506836e-05,2.1961946913506836e-05,2.1961946913506836e-05,0.0,1.0,0.0,2024,2
487,2024-02-06,2024-02-07,2.854581362043973e-05,2.854581362043973e-05,2.854581362043973e-05,0.0,1.0,0.0,2024,2
488,2024-02-07,2024-02-08,5.000159580959007e-05,5.000159580959007e-05,5.000159580959007e-05,0.0,1.0,0.0,2024,2
489,2024-02-08,2024-02-09,2.0690833480330184e-05,2.0690833480330184e-05,2.0690833480330184e-05,0.0,1.0,0.0,2024,2
490,2024-02-09,2024-02-10,6.866264448035508e-05,6.866264448035508e-05,6.866264448035508e-05,0.0,1.0,0.0,2024,2
491,2024-02-10,2024-02-11,3.0675386369694024e-05,3.0675386369694024e-05,3.0675386369694024e-05,0.0,1.0,0.0,2024,2
492,2024-02-11,2024-02-12,7.637569069629535e-06,7.637569069629535e-06,7.637569069629535e-06,0.0,1.0,0.0,2024,2
493,2024-02-15,2024-02-16,5.850778688909486e-05,5.850778688909486e-05,5.850778688909486e-05,0.0,1.0,0.0,2024,2
494,2024-02-18,2024-02-19,1.7717718947096728e-05,1.7717718947096728e-05,1.7717718947096728e-05,0.0,1.0,0.0,2024,2
495,2024-02-19,2024-02-20,1.9987535779364407e-05,1.9987535779364407e-05,1.9987535779364407e-05,0.0,1.0,0.0,2024,2
496,2024-02-20,2024-02-21,3.3517408155603334e-05,3.3517408155603334e-05,3.3517408155603334e-05,0.0,1.0,0.0,2024,2
497,2024-02-21,2024-02-22,3.2722033211030066e-05,3.2722033211030066e-05,3.2722033211030066e-05,0.0,1.0,0.0,2024,2
498,2024-02-22,2024-02-23,4.091750815859996e-05,4.091750815859996e-05,4.091750815859996e-05,0.0,1.0,0.0,2024,2
499,2024-02-23,2024-02-24,3.993723294115625e-05,3.993723294115625e-05,3.993723294115625e-05,0.0,1.0,0.0,2024,2
500,2024-02-24,2024-02-25,2.3781209165463224e-05,2.3781209165463224e-05,2.3781209165463224e-05,0.0,1.0,0.0,2024,2
501,2024-02-27,2024-02-28,1.7758780813892372e-05,1.7758780813892372e-05,1.7758780813892372e-05,0.0,1.0,0.0,2024,2
502,2024-02-28,2024-02-29,1.8863598597818054e-05,1.8863598597818054e-05,1.8863598597818054e-05,0.0,1.0,0.0,2024,2
503,2024-02-29,2024-03-01,4.205527147860266e-05,4.205527147860266e-05,4.205527147860266e-05,0.0,1.0,0.0,2024,2
504,2024-03-01,2024-03-02,2.296840466442518e-05,2.296840466442518e-05,2.296840466442518e-05,0.0,1.0,0.0,2024,3
505,2024-03-02,2024-03-03,1.6573119864915498e-05,1.6573119864915498e-05,1.6573119864915498e-05,0.0,1.0,0.0,2024,3
506,2024-03-03,2024-03-04,3.436542101553641e-05,3.436542101553641e-05,3.436542101553641e-05,0.0,1.0,0.0,2024,3
507,2024-03-05,2024-03-06,2.958665936603211e-05,2.958665936603211e-05,2.958665936603211e-05,0.0,1.0,0.0,2024,3
508,2024-03-06,2024-03-07,3.240103251300752e-05,3.240103251300752e-05,3.240103251300752e-05,0.0,1.0,0.0,2024,3
509,2024-03-08,2024-03-09,3.8596364902332425e-05,3.8596364902332425e-05,3.8596364902332425e-05,0.0,1.0,0.0,2024,3
510,2024-03-09,2024-03-10,4.499536953517236e-05,4.499536953517236e-05,4.499536953517236e-05,0.0,1.0,0.0,2024,3
511,2024-03-10,2024-03-11,3.814822775893845e-05,3.814822775893845e-05,3.814822775893845e-05,0.0,1.0,0.0,2024,3
512,2024-03-11,2024-03-12,3.395690509933047e-05,3.395690509933047e-05,3.395690509933047e-05,0.0,1.0,0.0,2024,3
513,2024-03-12,2024-03-13,2.873557787097525e-05,2.873557787097525e-05,2.873557787097525e-05,0.0,1.0,0.0,2024,3
514,2024-03-13,2024-03-14,2.672531991265714e-05,2.672531991265714e-05,2.672531991265714e-05,0.0,1.0,0.0,2024,3
515,2024-03-14,2024-03-15,5.440807944978587e-05,5.440807944978587e-05,5.440807944978587e-05,0.0,1.0,0.0,2024,3
516,2024-03-15,2024-03-16,3.950919199269265e-05,3.950919199269265e-05,3.950919199269265e-05,0.0,1.0,0.0,2024,3
517,2024-03-17,2024-03-18,4.0173312299884856e-05,4.0173312299884856e-05,4.0173312299884856e-05,0.0,1.0,0.0,2024,3
518,2024-03-20,2024-03-21,3.3601867471588776e-05,3.3601867471588776e-05,3.3601867471588776e-05,0.0,1.0,0.0,2024,3
519,2024-03-21,2024-03-22,1.4975020349083934e-05,1.4975020349083934e-05,1.4975020349083934e-05,0.0,1.0,0.0,2024,3
520,2024-03-22,2024-03-23,4.162585537414998e-05,4.162585537414998e-05,4.162585537414998e-05,0.0,1.0,0.0,2024,3
521,2024-03-24,2024-03-25,4.7548339352943e-05,4.7548339352943e-05,4.7548339352943e-05,0.0,1.0,0.0,2024,3
522,2024-03-25,2024-03-26,2.7906682589673437e-05,2.7906682589673437e-05,2.7906682589673437e-05,0.0,1.0,0.0,2024,3
523,2024-03-26,2024-03-27,4.9700072850100696e-05,4.9700072850100696e-05,4.9700072850100696e-05,0.0,1.0,0.0,2024,3
524,2024-03-27,2024-03-28,4.851966878050007e-05,4.851966878050007e-05,4.851966878050007e-05,0.0,1.0,0.0,2024,3
525,2024-03-28,2024-03-29,3.5603246942628175e-05,3.5603246942628175e-05,3.5603246942628175e-05,0.0,1.0,0.0,2024,3
526,2024-03-29,2024-03-30,2.8157917768112384e-05,2.8157917768112384e-05,2.8157917768112384e-05,0.0,1.0,0.0,2024,3
527,2024-03-30,2024-03-31,7.920146163087338e-05,7.920146163087338e-05,7.920146163087338e-05,0.0,1.0,0.0,2024,3
528,2024-03-31,2024-04-01,3.124980867141858e-05,3.124980867141858e-05,3.124980867141858e-05,0.0,1.0,0.0,2024,3
529,2024-04-01,2024-04-02,4.9516806029714644e-05,4.9516806029714644e-05,4.9516806029714644e-05,0.0,1.0,0.0,2024,4
530,2024-04-02,2024-04-03,4.4771662942366675e-05,4.4771662942366675e-05,4.4771662942366675e-05,0.0,1.0,0.0,2024,4
531,2024-04-03,2024-04-04,4.446854654815979e-05,4.446854654815979e-05,4.446854654815979e-05,0.0,1.0,0.0,2024,4
532,2024-04-04,2024-04-05,4.3927102524321526e-05,4.3927102524321526e-05,4.3927102524321526e-05,0.0,1.0,0.0,2024,4
533,2024-04-05,2024-04-06,5.7619250583229586e-05,5.7619250583229586e-05,5.7619250583229586e-05,0.0,1.0,0.0,2024,4
534,2024-04-06,2024-04-07,4.4910513679496944e-05,4.4910513679496944e-05,4.4910513679496944e-05,0.0,1.0,0.0,2024,4
535,2024-04-10,2024-04-11,1.6818317817524076e-05,1.6818317817524076e-05,1.6818317817524076e-05,0.0,1.0,0.0,2024,4
536,2024-04-14,2024-04-15,5.525885171664413e-06,5.525885171664413e-06,5.525885171664413e-06,0.0,1.0,0.0,2024,4
537,2024-04-15,2024-04-16,2.8423190087778494e-05,2.8423190087778494e-05,2.8423190087778494e-05,0.0,1.0,0.0,2024,4
538,2024-04-16,2024-04-17,1.5183166397036985e-05,1.5183166397036985e-05,1.5183166397036985e-05,0.0,1.0,0.0,2024,4
539,2024-04-17,2024-04-18,2.039409810095094e-05,2.039409810095094e-05,2.039409810095094e-05,0.0,1.0,0.0,2024,4
540,2024-04-18,2024-04-19,2.3524176867795177e-05,2.3524176867795177e-05,2.3524176867795177e-05,0.0,1.0,0.0,2024,4
541,2024-04-19,2024-04-20,2.1888397895963863e-05,2.1888397895963863e-05,2.1888397895963863e-05,0.0,1.0,0.0,2024,4
542,2024-04-20,2024-04-21,4.360697857919149e-05,4.360697857919149e-05,4.360697857919149e-05,0.0,1.0,0.0,2024,4
543,2024-04-21,2024-04-22,6.3168685301207e-05,6.3168685301207e-05,6.3168685301207e-05,0.0,1.0,0.0,2024,4
544,2024-04-22,2024-04-23,2.5910243493854068e-05,2.5910243493854068e-05,2.5910243493854068e-05,0.0,1.0,0.0,2024,4
545,2024-04-23,2024-04-24,2.4650231353007257e-05,2.4650231353007257e-05,2.4650231353007257e-05,0.0,1.0,0.0,2024,4
546,2024-04-24,2024-04-25,2.2061087292968296e-05,2.2061087292968296e-05,2.2061087292968296e-05,0.0,1.0,0.0,2024,4
547,2024-04-25,2024-04-26,2.4904289603000507e-05,2.4904289603000507e-05,2.4904289603000507e-05,0.0,1.0,0.0,2024,4
548,2024-04-26,2024-04-27,3.478752842056565e-05,3.478752842056565e-05,3.478752842056565e-05,0.0,1.0,0.0,2024,4
549,2024-04-27,2024-04-28,3.7286321457941085e-05,3.7286321457941085e-05,3.7286321457941085e-05,0.0,1.0,0.0,2024,4
550,2024-04-28,2024-04-29,6.115051655797288e-05,6.115051655797288e-05,6.115051655797288e-05,0.0,1.0,0.0,2024,4
551,2024-04-29,2024-04-30,1.922585033753421e-05,1.922585033753421e-05,1.922585033753421e-05,0.0,1.0,0.0,2024,4
552,2024-04-30,2024-05-01,2.39883429458132e-05,2.39883429458132e-05,2.39883429458132e-05,0.0,1.0,0.0,2024,4
553,2024-05-01,2024-05-02,3.0046383471926674e-05,3.0046383471926674e-05,3.0046383471926674e-05,0.0,1.0,0.0,2024,5
554,2024-05-02,2024-05-03,2.4546956410631537e-05,2.4546956410631537e-05,2.4546956410631537e-05,0.0,1.0,0.0,2024,5
555,2024-05-03,2024-05-04,1.6313673768308945e-05,1.6313673768308945e-05,1.6313673768308945e-05,0.0,1.0,0.0,2024,5
556,2024-05-04,2024-05-05,4.9595473683439195e-05,4.9595473683439195e-05,4.9595473683439195e-05,0.0,1.0,0.0,2024,5
557,2024-05-05,2024-05-06,4.651318886317313e-05,4.651318886317313e-05,4.651318886317313e-05,0.0,1.0,0.0,2024,5
558,2024-05-06,2024-05-07,3.852795998682268e-05,3.852795998682268e-05,3.852795998682268e-05,0.0,1.0,0.0,2024,5
559,2024-05-07,2024-05-08,2.3166736355051398e-05,2.3166736355051398e-05,2.3166736355051398e-05,0.0,1.0,0.0,2024,5
560,2024-05-08,2024-05-09,1.8432800061418675e-05,1.8432800061418675e-05,1.8432800061418675e-05,0.0,1.0,0.0,2024,5
561,2024-05-09,2024-05-10,2.3644348402740434e-05,2.3644348402740434e-05,2.3644348402740434e-05,0.0,1.0,0.0,2024,5
562,2024-05-10,2024-05-11,2.316179779882077e-05,2.316179779882077e-05,2.316179779882077e-05,0.0,1.0,0.0,2024,5
563,2024-05-13,2024-05-14,2.4123257389874198e-05,2.4123257389874198e-05,2.4123257389874198e-05,0.0,1.0,0.0,2024,5
564,2024-05-15,2024-05-16,3.6627185181714594e-05,3.6627185181714594e-05,3.6627185181714594e-05,0.0,1.0,0.0,2024,5
565,2024-05-20,2024-05-21,4.3961739720543846e-05,4.3961739720543846e-05,4.3961739720543846e-05,0.0,1.0,0.0,2024,5
566,2024-05-21,2024-05-22,5.462639092002064e-05,5.462639092002064e-05,5.462639092002064e-05,0.0,1.0,0.0,2024,5
567,2024-05-22,2024-05-23,5.069036706117913e-05,5.069036706117913e-05,5.069036706117913e-05,0.0,1.0,0.0,2024,5
568,2024-05-23,2024-05-24,6.195603054948151e-05,6.195603054948151e-05,6.195603054948151e-05,0.0,1.0,0.0,2024,5
569,2024-05-25,2024-05-26,2.3255101041286252e-05,2.3255101041286252e-05,2.3255101041286252e-05,0.0,1.0,0.0,2024,5
570,2024-05-27,2024-05-28,8.802724187262356e-05,8.802724187262356e-05,8.802724187262356e-05,0.0,1.0,0.0,2024,5
571,2024-05-28,2024-05-29,7.95831365394406e-05,7.95831365394406e-05,7.95831365394406e-05,0.0,1.0,0.0,2024,5
572,2024-05-29,2024-05-30,6.703981489408761e-05,6.703981489408761e-05,6.703981489408761e-05,0.0,1.0,0.0,2024,5
573,2024-05-30,2024-05-31,4.444071601028554e-05,4.444071601028554e-05,4.444071601028554e-05,0.0,1.0,0.0,2024,5
574,2024-05-31,2024-06-01,4.518696732702665e-05,4.518696732702665e-05,4.518696732702665e-05,0.0,1.0,0.0,2024,5
575,2024-06-01,2024-06-02,0.00011632565292529762,0.00011632565292529762,0.00011632565292529762,0.0,1.0,0.0,2024,6
576,2024-06-02,2024-06-03,5.743843939853832e-05,5.743843939853832e-05,5.743843939853832e-05,0.0,1.0,0.0,2024,6
577,2024-06-03,2024-06-04,5.506470915861428e-05,5.506470915861428e-05,5.506470915861428e-05,0.0,1.0,0.0,2024,6
578,2024-06-04,2024-06-05,5.2588191465474665e-05,5.2588191465474665e-05,5.2588191465474665e-05,0.0,1.0,0.0,2024,6
579,2024-06-05,2024-06-06,3.56950331479311e-05,3.56950331479311e-05,3.56950331479311e-05,0.0,1.0,0.0,2024,6
580,2024-06-06,2024-06-07,4.7114674089243636e-05,4.7114674089243636e-05,4.7114674089243636e-05,0.0,1.0,0.0,2024,6
581,2024-06-07,2024-06-08,6.284075789153576e-05,6.284075789153576e-05,6.284075789153576e-05,0.0,1.0,0.0,2024,6
582,2024-06-08,2024-06-09,4.006969174952246e-05,4.006969174952246e-05,4.006969174952246e-05,0.0,1.0,0.0,2024,6
583,2024-06-09,2024-06-10,4.3118983739987016e-05,4.3118983739987016e-05,4.3118983739987016e-05,0.0,1.0,0.0,2024,6
584,2024-06-10,2024-06-11,3.245208426960744e-05,3.245208426960744e-05,3.245208426960744e-05,0.0,1.0,0.0,2024,6
585,2024-06-12,2024-06-13,3.650640064734034e-05,3.650640064734034e-05,3.650640064734034e-05,0.0,1.0,0.0,2024,6
586,2024-06-13,2024-06-14,4.4218402763362974e-05,4.4218402763362974e-05,4.4218402763362974e-05,0.0,1.0,0.0,2024,6
587,2024-06-15,2024-06-16,2.8876280339318328e-05,2.8876280339318328e-05,2.8876280339318328e-05,0.0,1.0,0.0,2024,6
588,2024-06-17,2024-06-18,1.678897751844488e-05,1.678897751844488e-05,1.678897751844488e-05,0.0,1.0,0.0,2024,6
589,2024-06-23,2024-06-24,1.1125012861157302e-05,1.1125012861157302e-05,1.1125012861157302e-05,0.0,1.0,0.0,2024,6
590,2024-06-25,2024-06-26,2.4930939616751857e-05,2.4930939616751857e-05,2.4930939616751857e-05,0.0,1.0,0.0,2024,6
591,2024-06-26,2024-06-27,2.652548391779419e-05,2.652548391779419e-05,2.652548391779419e-05,0.0,1.0,0.0,2024,6
592,2024-06-27,2024-06-28,1.7497912267572246e-05,1.7497912267572246e-05,1.7497912267572246e-05,0.0,1.0,0.0,2024,6
593,2024-07-07,2024-07-08,1.939556750585325e-05,1.939556750585325e-05,1.939556750585325e-05,0.0,1.0,0.0,2024,7
594,2024-07-19,2024-07-20,3.139541149721481e-05,3.139541149721481e-05,3.139541149721481e-05,0.0,1.0,0.0,2024,7
595,2024-08-19,2024-08-20,4.4594209612114355e-05,4.4594209612114355e-05,4.4594209612114355e-05,0.0,1.0,0.0,2024,8
596,2024-08-20,2024-08-21,3.970383113482967e-05,3.970383113482967e-05,3.970383113482967e-05,0.0,1.0,0.0,2024,8
597,2024-08-31,2024-09-01,1.0434980140416883e-05,1.0434980140416883e-05,1.0434980140416883e-05,0.0,1.0,0.0,2024,8
598,2024-09-03,2024-09-04,2.1035906684119254e-05,2.1035906684119254e-05,2.1035906684119254e-05,0.0,1.0,0.0,2024,9
599,2024-09-06,2024-09-07,1.618363785382826e-05,1.618363785382826e-05,1.618363785382826e-05,0.0,1.0,0.0,2024,9
600,2024-09-14,2024-09-15,2.4200657207984477e-05,2.4200657207984477e-05,2.4200657207984477e-05,0.0,1.0,0.0,2024,9
601,2024-09-18,2024-09-19,2.1222856958047487e-05,2.1222856958047487e-05,2.1222856958047487e-05,0.0,1.0,0.0,2024,9
602,2024-09-19,2024-09-20,3.355650187586434e-05,3.355650187586434e-05,3.355650187586434e-05,0.0,1.0,0.0,2024,9
603,2024-09-27,2024-09-28,-6.578699185411097e-08,-6.578699185411097e-08,-6.578699185411097e-08,0.0,1.0,0.0,2024,9
604,2024-09-30,2024-10-01,1.505459840700496e-05,1.505459840700496e-05,1.505459840700496e-05,0.0,1.0,0.0,2024,9
605,2024-10-01,2024-10-02,9.659834177000448e-06,9.659834177000448e-06,9.659834177000448e-06,0.0,1.0,0.0,2024,10
606,2024-10-03,2024-10-04,2.2710195480613038e-05,2.2710195480613038e-05,2.2710195480613038e-05,0.0,1.0,0.0,2024,10
607,2024-10-04,2024-10-05,2.0509722162387334e-05,2.0509722162387334e-05,2.0509722162387334e-05,0.0,1.0,0.0,2024,10
608,2024-10-05,2024-10-06,4.055028693983331e-05,4.055028693983331e-05,4.055028693983331e-05,0.0,1.0,0.0,2024,10
609,2024-10-06,2024-10-07,4.1751925891730934e-05,4.1751925891730934e-05,4.1751925891730934e-05,0.0,1.0,0.0,2024,10
610,2024-10-09,2024-10-10,1.84084965439979e-05,1.84084965439979e-05,1.84084965439979e-05,0.0,1.0,0.0,2024,10
611,2024-10-11,2024-10-12,2.106564170389902e-05,2.106564170389902e-05,2.106564170389902e-05,0.0,1.0,0.0,2024,10
612,2024-10-12,2024-10-13,1.7023816326400265e-05,1.7023816326400265e-05,1.7023816326400265e-05,0.0,1.0,0.0,2024,10
613,2024-10-13,2024-10-14,3.527474473230541e-05,3.527474473230541e-05,3.527474473230541e-05,0.0,1.0,0.0,2024,10
614,2024-10-14,2024-10-15,2.312291326234117e-05,2.312291326234117e-05,2.312291326234117e-05,0.0,1.0,0.0,2024,10
615,2024-10-15,2024-10-16,1.735792466206476e-05,1.735792466206476e-05,1.735792466206476e-05,0.0,1.0,0.0,2024,10
616,2024-10-16,2024-10-17,2.3389649868477136e-05,2.3389649868477136e-05,2.3389649868477136e-05,0.0,1.0,0.0,2024,10
617,2024-10-17,2024-10-18,2.2974843886913732e-05,2.2974843886913732e-05,2.2974843886913732e-05,0.0,1.0,0.0,2024,10
618,2024-10-18,2024-10-19,3.275450580986217e-05,3.275450580986217e-05,3.275450580986217e-05,0.0,1.0,0.0,2024,10
619,2024-10-19,2024-10-20,1.6238560419878922e-05,1.6238560419878922e-05,1.6238560419878922e-05,0.0,1.0,0.0,2024,10
620,2024-10-22,2024-10-23,4.677399920183234e-05,4.677399920183234e-05,4.677399920183234e-05,0.0,1.0,0.0,2024,10
621,2024-10-23,2024-10-24,4.145096318097785e-05,4.145096318097785e-05,4.145096318097785e-05,0.0,1.0,0.0,2024,10
622,2024-10-26,2024-10-27,5.764044908573851e-05,5.764044908573851e-05,5.764044908573851e-05,0.0,1.0,0.0,2024,10
623,2024-10-29,2024-10-30,3.011817352671642e-05,3.011817352671642e-05,3.011817352671642e-05,0.0,1.0,0.0,2024,10
624,2024-11-01,2024-11-02,1.8269798601977527e-05,1.8269798601977527e-05,1.8269798601977527e-05,0.0,1.0,0.0,2024,11
625,2024-11-02,2024-11-03,5.37391024408862e-05,5.37391024408862e-05,5.37391024408862e-05,0.0,1.0,0.0,2024,11
626,2024-11-03,2024-11-04,3.163662404404022e-05,3.163662404404022e-05,3.163662404404022e-05,0.0,1.0,0.0,2024,11
627,2024-11-04,2024-11-05,2.4292907255585305e-05,2.4292907255585305e-05,2.4292907255585305e-05,0.0,1.0,0.0,2024,11
628,2024-11-05,2024-11-06,1.6691994460416026e-05,1.6691994460416026e-05,1.6691994460416026e-05,0.0,1.0,0.0,2024,11
629,2024-11-06,2024-11-07,2.113376285706181e-05,2.113376285706181e-05,2.113376285706181e-05,0.0,1.0,0.0,2024,11
630,2024-11-07,2024-11-08,2.4132901671691798e-05,2.4132901671691798e-05,2.4132901671691798e-05,0.0,1.0,0.0,2024,11
631,2024-11-08,2024-11-09,2.713923458941281e-05,2.713923458941281e-05,2.713923458941281e-05,0.0,1.0,0.0,2024,11
632,2024-11-09,2024-11-10,1.7602706066099927e-05,1.7602706066099927e-05,1.7602706066099927e-05,0.0,1.0,0.0,2024,11
633,2024-11-12,2024-11-13,3.54433614120353e-05,3.54433614120353e-05,3.54433614120353e-05,0.0,1.0,0.0,2024,11
634,2024-11-13,2024-11-14,3.699455919559114e-05,3.699455919559114e-05,3.699455919559114e-05,0.0,1.0,0.0,2024,11
635,2024-11-14,2024-11-15,3.7368266930570826e-05,3.7368266930570826e-05,3.7368266930570826e-05,0.0,1.0,0.0,2024,11
636,2024-11-15,2024-11-16,4.831070691579953e-05,4.831070691579953e-05,4.831070691579953e-05,0.0,1.0,0.0,2024,11
637,2024-11-16,2024-11-17,7.047557301120833e-05,7.047557301120833e-05,7.047557301120833e-05,0.0,1.0,0.0,2024,11
638,2024-11-17,2024-11-18,3.495617784210481e-05,3.495617784210481e-05,3.495617784210481e-05,0.0,1.0,0.0,2024,11
639,2024-11-18,2024-11-19,5.947043973719701e-05,5.947043973719701e-05,5.947043973719701e-05,0.0,1.0,0.0,2024,11
640,2024-11-19,2024-11-20,8.550793427275494e-05,8.550793427275494e-05,8.550793427275494e-05,0.0,1.0,0.0,2024,11
641,2024-11-20,2024-11-21,4.133136462769471e-05,4.133136462769471e-05,4.133136462769471e-05,0.0,1.0,0.0,2024,11
642,2024-11-22,2024-11-23,7.015583832981065e-05,7.015583832981065e-05,7.015583832981065e-05,0.0,1.0,0.0,2024,11
643,2024-11-23,2024-11-24,2.175921508751344e-05,2.175921508751344e-05,2.175921508751344e-05,0.0,1.0,0.0,2024,11
644,2024-11-24,2024-11-25,4.168620580458082e-05,4.168620580458082e-05,4.168620580458082e-05,0.0,1.0,0.0,2024,11
645,2024-11-25,2024-11-26,5.984821109450422e-05,5.984821109450422e-05,5.984821109450422e-05,0.0,1.0,0.0,2024,11
646,2024-11-26,2024-11-27,9.329240856459364e-05,9.329240856459364e-05,9.329240856459364e-05,0.0,1.0,0.0,2024,11
647,2024-11-28,2024-11-29,6.835826206952333e-05,6.835826206952333e-05,6.835826206952333e-05,0.0,1.0,0.0,2024,11
648,2024-11-29,2024-11-30,4.076341792824678e-05,4.076341792824678e-05,4.076341792824678e-05,0.0,1.0,0.0,2024,11
649,2024-12-04,2024-12-05,3.319020106573589e-05,3.319020106573589e-05,3.319020106573589e-05,0.0,1.0,0.0,2024,12
650,2024-12-05,2024-12-06,3.249270230298862e-05,3.249270230298862e-05,3.249270230298862e-05,0.0,1.0,0.0,2024,12
651,2024-12-06,2024-12-07,2.425538878014777e-05,2.425538878014777e-05,2.425538878014777e-05,0.0,1.0,0.0,2024,12
652,2024-12-07,2024-12-08,0.0001666066236793995,0.0001666066236793995,0.0001666066236793995,0.0,1.0,0.0,2024,12
653,2024-12-08,2024-12-09,6.808843318140134e-05,6.808843318140134e-05,6.808843318140134e-05,0.0,1.0,0.0,2024,12
654,2024-12-09,2024-12-10,4.413592250784859e-05,4.413592250784859e-05,4.413592250784859e-05,0.0,1.0,0.0,2024,12
655,2024-12-10,2024-12-11,0.00014433353499043733,0.00014433353499043733,0.00014433353499043733,0.0,1.0,0.0,2024,12
656,2024-12-11,2024-12-12,4.7836070734774694e-05,4.7836070734774694e-05,4.7836070734774694e-05,0.0,1.0,0.0,2024,12
657,2024-12-12,2024-12-13,3.043938340852037e-05,3.043938340852037e-05,3.043938340852037e-05,0.0,1.0,0.0,2024,12
658,2024-12-13,2024-12-14,3.34495744027663e-05,3.34495744027663e-05,3.34495744027663e-05,0.0,1.0,0.0,2024,12
659,2024-12-14,2024-12-15,0.00010659816325642169,0.00010659816325642169,0.00010659816325642169,0.0,1.0,0.0,2024,12
660,2024-12-15,2024-12-16,5.0472444854676723e-05,5.0472444854676723e-05,5.0472444854676723e-05,0.0,1.0,0.0,2024,12
661,2024-12-16,2024-12-17,5.8395711675984785e-05,5.8395711675984785e-05,5.8395711675984785e-05,0.0,1.0,0.0,2024,12
662,2024-12-17,2024-12-18,3.106152144027874e-05,3.106152144027874e-05,3.106152144027874e-05,0.0,1.0,0.0,2024,12
663,2024-12-18,2024-12-19,2.2586014893022366e-05,2.2586014893022366e-05,2.2586014893022366e-05,0.0,1.0,0.0,2024,12
664,2024-12-19,2024-12-20,5.277641685097478e-05,5.277641685097478e-05,5.277641685097478e-05,0.0,1.0,0.0,2024,12
665,2024-12-20,2024-12-21,4.831834667129442e-05,4.831834667129442e-05,4.831834667129442e-05,0.0,1.0,0.0,2024,12
666,2024-12-21,2024-12-22,9.001619037007913e-05,9.001619037007913e-05,9.001619037007913e-05,0.0,1.0,0.0,2024,12
667,2024-12-22,2024-12-23,0.00015124623314477503,0.00015124623314477503,0.00015124623314477503,0.0,1.0,0.0,2024,12
668,2024-12-23,2024-12-24,0.00016327050980180502,0.00016327050980180502,0.00016327050980180502,0.0,1.0,0.0,2024,12
669,2024-12-24,2024-12-25,0.0002813467872329056,0.0002813467872329056,0.0002813467872329056,0.0,1.0,0.0,2024,12
670,2024-12-25,2024-12-26,4.162954428466037e-05,4.162954428466037e-05,4.162954428466037e-05,0.0,1.0,0.0,2024,12
671,2024-12-26,2024-12-27,8.975405216915533e-05,8.975405216915533e-05,8.975405216915533e-05,0.0,1.0,0.0,2024,12
672,2024-12-27,2024-12-28,0.00011159122368553653,0.00011159122368553653,0.00011159122368553653,0.0,1.0,0.0,2024,12
673,2024-12-28,2024-12-29,0.00014298735186457634,0.00014298735186457634,0.00014298735186457634,0.0,1.0,0.0,2024,12
674,2024-12-29,2024-12-30,0.0001008004619507119,0.0001008004619507119,0.0001008004619507119,0.0,1.0,0.0,2024,12
675,2024-12-30,2024-12-31,0.00016748755297157913,0.00016748755297157913,0.00016748755297157913,0.0,1.0,0.0,2024,12
